Rk,Player,Pos,Squad,Age,Born,90s,Gls,Sh,SoT,SoT%,Sh/90,SoT/90,G/Sh,G/SoT,Dist,FK,PK,PKatt,xG,npxG,npxG/Sh,G-xG,np:G-xG,Matches,-9999
1,Brenden Aaronson,MF,us United States,21,2000,1.2,0,1,0,0.0,0.83,0.00,0.00,,4.9,0,0,0,0.1,0.1,0.07,-0.1,-0.1,Matches,5bc43860
2,Ali Abdi,DF,tn Tunisia,28,1993,2.1,0,0,0,,0.00,0.00,,,,0,0,0,0.0,0.0,,0.0,0.0,Matches,ad7cdb35
3,Salis Abdul Samed,MF,gh Ghana,22,2000,2.8,0,1,0,0.0,0.36,0.00,0.00,,26.9,0,0,0,0.0,0.0,0.02,0.0,0.0,Matches,82464ce3
4,Saud Abdulhamid,DFMF,sa Saudi Arabia,22,1999,3.0,0,1,0,0.0,0.33,0.00,0.00,,34.6,0,0,0,0.0,0.0,0.02,0.0,0.0,Matches,caa254e4
5,Nawaf Al Abed,MF,sa Saudi Arabia,32,1990,1.0,0,2,0,0.0,2.05,0.00,0.00,,21.1,1,0,0,0.1,0.1,0.07,-0.1,-0.1,Matches,bfef5c87
6,Pape Abou Cissé,DF,sn Senegal,26,1995,1.2,0,0,0,,0.00,0.00,,,,0,0,0,0.0,0.0,,0.0,0.0,Matches,8bc373ea
7,Vincent Aboubakar,FW,cm Cameroon,30,1992,1.6,2,6,3,50.0,3.80,1.90,0.33,0.67,17.8,0,0,0,0.6,0.6,0.10,+1.4,+1.4,Matches,8637e09a
8,Abdulrahman Al-Aboud,MFDF,sa Saudi Arabia,27,1995,0.4,0,1,0,0.0,2.57,0.00,0.00,,4.6,0,0,0,0.1,0.1,0.07,-0.1,-0.1,Matches,9bf54a3b
9,Zakaria Aboukhlal,FWMF,ma Morocco,22,2000,0.9,1,3,2,66.7,3.42,2.28,0.33,0.50,14.9,0,0,0,1.0,1.0,0.33,0.0,0.0,Matches,c2a6033c
10,Kellyn Acosta,MF,us United States,26,1995,0.5,0,0,0,,0.00,0.00,,,,0,0,0,0.0,0.0,,0.0,0.0,Matches,ece10cfe
11,Marcos Acuña,DFFW,ar Argentina,30,1991,4.1,0,2,0,0.0,0.48,0.00,0.00,,17.9,0,0,0,0.1,0.1,0.04,-0.1,-0.1,Matches,81442ecb
12,Tyler Adams,MF,us United States,23,1999,4.0,0,1,0,0.0,0.25,0.00,0.00,,30.4,0,0,0,0.0,0.0,0.02,0.0,0.0,Matches,2b09d998
13,Sam Adekugbe,DF,ca Canada,27,1995,1.1,0,0,0,,0.00,0.00,,,,0,0,0,0.0,0.0,,0.0,0.0,Matches,7f2309be
14,Michel Aebischer,MFFW,ch Switzerland,25,1997,0.2,0,0,0,,0.00,0.00,,,,0,0,0,0.0,0.0,,0.0,0.0,Matches,f9c927de
15,Akram Afif,FW,qa Qatar,25,1996,3.0,0,2,0,0.0,0.67,0.00,0.00,,29.8,0,0,0,0.0,0.0,0.02,0.0,0.0,Matches,fd53d9e7
16,Nayef Aguerd,DF,ma Morocco,26,1996,3.9,0,1,0,0.0,0.25,0.00,0.00,,8.0,0,0,0,0.2,0.2,0.17,-0.2,-0.2,Matches,288e1e13
17,Brandon Aguilera,MF,cr Costa Rica,18,2003,1.0,0,0,0,,0.00,0.00,,,,0,0,0,0.0,0.0,,0.0,0.0,Matches,938fa024
18,Homam Ahmed,DF,qa Qatar,22,1999,2.9,0,0,0,,0.00,0.00,,,,0,0,0,0.0,0.0,,0.0,0.0,Matches,a62fa158
19,Manuel Akanji,DF,ch Switzerland,26,1995,4.0,1,4,1,25.0,1.00,0.25,0.25,1.00,12.3,1,0,0,1.1,1.1,0.28,-0.1,-0.1,Matches,89ac64a6
20,Nathan Aké,DF,nl Netherlands,27,1995,5.3,0,0,0,,0.00,0.00,,,,0,0,0,0.0,0.0,,0.0,0.0,Matches,eaeca114
21,Ahmed Alaaeldin,FW,qa Qatar,29,1993,0.1,0,0,0,,0.00,0.00,,,,0,0,0,0.0,0.0,,0.0,0.0,Matches,74fbbb3c
22,Jordi Alba,DF,es Spain,33,1989,2.9,0,2,0,0.0,0.68,0.00,0.00,,26.6,0,0,0,0.0,0.0,0.02,0.0,0.0,Matches,4601e194
23,Toby Alderweireld,DF,be Belgium,33,1989,3.0,0,0,0,,0.00,0.00,,,,0,0,0,0.0,0.0,,0.0,0.0,Matches,f7d50789
24,Trent Alexander-Arnold,DF,eng England,23,1998,0.4,0,0,0,,0.00,0.00,,,,0,0,0,0.0,0.0,,0.0,0.0,Matches,cd1acf9d
25,Almoez Ali,FW,qa Qatar,25,1996,2.5,0,3,1,33.3,1.21,0.40,0.00,0.00,16.4,0,0,0,0.4,0.4,0.12,-0.4,-0.4,Matches,bae045a9
26,Alisson,GK,br Brazil,29,1992,4.2,0,0,0,,0.00,0.00,,,,0,0,0,0.0,0.0,,0.0,0.0,Matches,7a2e46a8
27,Joe Allen,MF,wls Wales,32,1990,1.0,0,2,0,0.0,1.91,0.00,0.00,,24.3,0,0,0,0.1,0.1,0.05,-0.1,-0.1,Matches,9feb8f24
28,Thiago Almada,MF,ar Argentina,21,2001,0.1,0,0,0,,0.00,0.00,,,,0,0,0,0.0,0.0,,0.0,0.0,Matches,27f33438
29,Roberto Alvarado,FW,mx Mexico,23,1998,0.2,0,0,0,,0.00,0.00,,,,0,0,0,0.0,0.0,,0.0,0.0,Matches,ff871e14
30,Edson Álvarez,MF,mx Mexico,24,1997,1.9,0,1,1,100.0,0.51,0.51,0.00,0.00,33.1,0,0,0,0.0,0.0,0.02,0.0,0.0,Matches,8b3ab7ad
31,Julián Álvarez,FW,ar Argentina,22,2000,5.2,4,11,8,72.7,2.13,1.55,0.36,0.50,12.2,0,0,0,2.6,2.6,0.24,+1.4,+1.4,Matches,15ab5a2b
32,Kevin Álvarez,DF,mx Mexico,23,1999,0.8,0,0,0,,0.00,0.00,,,,0,0,0,0.0,0.0,,0.0,0.0,Matches,636b0833
33,Dani Alves,DF,br Brazil,39,1983,1.3,0,3,0,0.0,2.29,0.00,0.00,,21.9,1,0,0,0.2,0.2,0.06,-0.2,-0.2,Matches,c9e99e49
34,Selim Amallah,MF,ma Morocco,25,1996,4.5,0,2,0,0.0,0.44,0.00,0.00,,13.3,0,0,0,0.2,0.2,0.11,-0.2,-0.2,Matches,00eba9c9
35,Daniel Amartey,DF,gh Ghana,27,1994,2.8,0,1,0,0.0,0.36,0.00,0.00,,5.7,0,0,0,0.2,0.2,0.23,-0.2,-0.2,Matches,1a4ef233
36,Ethan Ampadu,MFDF,wls Wales,21,2000,2.8,0,1,0,0.0,0.35,0.00,0.00,,32.4,0,0,0,0.0,0.0,0.04,0.0,0.0,Matches,10b9fa99
37,Sofyan Amrabat,MF,ma Morocco,25,1996,7.3,0,1,0,0.0,0.14,0.00,0.00,,28.8,0,0,0,0.0,0.0,0.03,0.0,0.0,Matches,5a2cb25d
38,Abdulelah Al-Amri,DF,sa Saudi Arabia,25,1997,2.0,0,1,0,0.0,0.49,0.00,0.00,,10.5,0,0,0,0.1,0.1,0.07,-0.1,-0.1,Matches,fd0affe3
39,Joachim Andersen,DF,dk Denmark,26,1996,3.0,0,4,1,25.0,1.33,0.33,0.00,0.00,18.1,0,0,0,0.1,0.1,0.02,-0.1,-0.1,Matches,e34fc66d
40,Karim Ansarifard,FWMF,ir IR Iran,32,1990,0.4,0,1,0,0.0,2.57,0.00,0.00,,21.9,0,0,0,0.1,0.1,0.07,-0.1,-0.1,Matches,50cddd19
41,Antony,FW,br Brazil,22,2000,1.9,0,6,2,33.3,3.14,1.05,0.00,0.00,22.2,0,0,0,0.2,0.2,0.04,-0.2,-0.2,Matches,99127249
42,Uriel Antuna,FWMF,mx Mexico,24,1997,0.9,0,2,1,50.0,2.34,1.17,0.00,0.00,16.2,0,0,0,0.2,0.2,0.08,-0.2,-0.2,Matches,a35f5848
43,Néstor Araujo,DF,mx Mexico,30,1991,1.0,0,0,0,,0.00,0.00,,,,0,0,0,0.0,0.0,,0.0,0.0,Matches,27a013f7
44,Takuma Asano,FW,jp Japan,27,1994,1.8,1,8,2,25.0,4.36,1.09,0.13,0.50,13.2,0,0,0,0.7,0.7,0.08,+0.3,+0.3,Matches,13ddc856
45,Marco Asensio,FW,es Spain,26,1996,2.5,1,10,2,20.0,3.93,0.79,0.10,0.50,20.1,0,0,0,1.2,1.2,0.12,-0.2,-0.2,Matches,45af8a54
46,Ali Assadalla,MF,qa Qatar,29,1993,0.3,0,0,0,,0.00,0.00,,,,0,0,0,0.0,0.0,,0.0,0.0,Matches,8e74d3ce
47,Lawrence Ati-Zigi,GK,gh Ghana,25,1996,3.0,0,0,0,,0.00,0.00,,,,0,0,0,0.0,0.0,,0.0,0.0,Matches,a12402c3
48,Nathaniel Atkinson,DF,au Australia,23,1999,0.9,0,0,0,,0.00,0.00,,,,0,0,0,0.0,0.0,,0.0,0.0,Matches,51caa1f0
49,Yahya Attiat Allah,DF,ma Morocco,27,1995,3.5,0,2,0,0.0,0.57,0.00,0.00,,13.0,0,0,0,0.2,0.2,0.11,-0.2,-0.2,Matches,432848a2
50,André Ayew,MFFW,gh Ghana,32,1989,2.2,1,1,1,100.0,0.45,0.45,1.00,1.00,17.3,0,0,1,1.1,0.4,0.36,-0.1,+0.6,Matches,5dbefa9d
51,Jordan Ayew,FW,gh Ghana,30,1991,1.5,0,1,1,100.0,0.66,0.66,0.00,0.00,21.2,0,0,0,0.1,0.1,0.05,-0.1,-0.1,Matches,da052c14
52,Sardar Azmoun,FW,ir IR Iran,27,1995,1.4,0,5,3,60.0,3.57,2.14,0.00,0.00,13.9,0,0,0,0.9,0.9,0.19,-0.9,-0.9,Matches,10549b49
53,César Azpilicueta,DF,es Spain,32,1989,1.5,0,0,0,,0.00,0.00,,,,0,0,0,0.0,0.0,,0.0,0.0,Matches,53cad200
54,Srđan Babić,DF,rs Serbia,26,1996,0.1,0,0,0,,0.00,0.00,,,,0,0,0,0.0,0.0,,0.0,0.0,Matches,075fe5a3
55,Keanu Baccus,MF,au Australia,24,1998,1.3,0,1,0,0.0,0.79,0.00,0.00,,23.9,0,0,0,0.0,0.0,0.05,0.0,0.0,Matches,19df2bf7
56,Alexander Bah,DF,dk Denmark,24,1997,0.5,0,2,0,0.0,3.91,0.00,0.00,,19.3,0,0,0,0.1,0.1,0.03,-0.1,-0.1,Matches,78f21137
57,Hattan Bahebri,MF,sa Saudi Arabia,29,1992,0.0,0,0,0,,0.00,0.00,,,,0,0,0,0.0,0.0,,0.0,0.0,Matches,b4f50ff5
58,Alejandro Balde,DF,es Spain,18,2003,1.4,0,1,0,0.0,0.71,0.00,0.00,,11.3,0,0,0,0.0,0.0,0.05,0.0,0.0,Matches,5ccc9672
59,Gareth Bale,FW,wls Wales,32,1989,2.5,1,1,1,100.0,0.40,0.40,0.00,0.00,46.6,0,1,1,0.8,0.0,0.02,+0.2,0.0,Matches,a58bb1e1
60,Fodé Ballo-Touré,DF,sn Senegal,25,1997,0.1,0,0,0,,0.00,0.00,,,,0,0,0,0.0,0.0,,0.0,0.0,Matches,f449640d
61,Badr Banoun,DF,ma Morocco,28,1993,0.6,0,0,0,,0.00,0.00,,,,0,0,0,0.0,0.0,,0.0,0.0,Matches,06a24e51
62,Borna Barišić,DF,hr Croatia,29,1992,1.3,0,1,0,0.0,0.75,0.00,0.00,,24.8,0,0,0,0.0,0.0,0.02,0.0,0.0,Matches,712dd708
63,Meshaal Barsham,GK,qa Qatar,24,1998,2.0,0,0,0,,0.00,0.00,,,,0,0,0,0.0,0.0,,0.0,0.0,Matches,8d3e92e0
64,Christian Bassogog,MF,cm Cameroon,26,1995,0.3,0,0,0,,0.00,0.00,,,,0,0,0,0.0,0.0,,0.0,0.0,Matches,395cd1d9
65,Michy Batshuayi,FW,be Belgium,28,1993,1.7,1,6,2,33.3,3.58,1.19,0.17,0.50,15.4,0,0,0,0.8,0.8,0.13,+0.2,+0.2,Matches,2973d8ff
66,Jan Bednarek,DF,pl Poland,26,1996,0.1,0,0,0,,0.00,0.00,,,,0,0,0,0.0,0.0,,0.0,0.0,Matches,4115ce4e
67,Aziz Behich,DF,au Australia,31,1990,4.0,0,2,0,0.0,0.50,0.00,0.00,,16.4,0,0,0,0.1,0.1,0.06,-0.1,-0.1,Matches,b6867b96
68,Alireza Beiranvand,GK,ir IR Iran,29,1992,1.2,0,0,0,,0.00,0.00,,,,0,0,0,0.0,0.0,,0.0,0.0,Matches,6ca0b04a
69,Jude Bellingham,MF,eng England,18,2003,4.6,1,5,3,60.0,1.09,0.65,0.20,0.33,12.4,0,0,0,0.6,0.6,0.11,+0.4,+0.4,Matches,57d88cf9
70,Anis Ben Slimane,MF,tn Tunisia,21,2001,1.6,0,1,1,100.0,0.61,0.61,0.00,0.00,9.6,0,0,0,0.1,0.1,0.11,-0.1,-0.1,Matches,9ade9ce1
71,Jewison Bennette,MF,cr Costa Rica,17,2004,1.1,0,1,0,0.0,0.87,0.00,0.00,,28.6,0,0,0,0.0,0.0,0.04,0.0,0.0,Matches,58f5704e
72,Rodrigo Bentancur,MF,uy Uruguay,24,1997,2.4,0,3,1,33.3,1.27,0.42,0.00,0.00,15.8,0,0,0,0.6,0.6,0.21,-0.6,-0.6,Matches,3b8674e6
73,Bartosz Bereszyński,DF,pl Poland,29,1992,3.8,0,0,0,,0.00,0.00,,,,0,0,0,0.0,0.0,,0.0,0.0,Matches,61b3978f
74,Steven Berghuis,MF,nl Netherlands,30,1991,2.2,0,5,0,0.0,2.25,0.00,0.00,,22.5,1,0,0,0.3,0.3,0.05,-0.3,-0.3,Matches,713c144a
75,Steven Bergwijn,FW,nl Netherlands,24,1997,2.4,0,2,0,0.0,0.85,0.00,0.00,,15.5,0,0,0,0.5,0.5,0.25,-0.5,-0.5,Matches,a29b1131
76,Krystian Bielik,MF,pl Poland,24,1998,2.4,0,2,0,0.0,0.83,0.00,0.00,,15.8,0,0,0,0.2,0.2,0.09,-0.2,-0.2,Matches,8e0ec853
77,Daley Blind,DF,nl Netherlands,32,1990,4.7,1,5,2,40.0,1.06,0.43,0.20,0.50,12.3,0,0,0,0.4,0.4,0.08,+0.6,+0.6,Matches,691bef82
78,Celso Borges,MF,cr Costa Rica,34,1988,2.8,0,0,0,,0.00,0.00,,,,0,0,0,0.0,0.0,,0.0,0.0,Matches,b8836910
79,Milan Borjan,GK,ca Canada,34,1987,3.0,0,0,0,,0.00,0.00,,,,0,0,0,0.0,0.0,,0.0,0.0,Matches,5e8936be
80,Karim Boudiaf,MF,qa Qatar,31,1990,2.1,0,0,0,,0.00,0.00,,,,0,0,0,0.0,0.0,,0.0,0.0,Matches,a38f33fd
81,Sofiane Boufal,FW,ma Morocco,28,1993,5.3,0,7,1,14.3,1.33,0.19,0.00,0.00,21.0,0,0,0,0.3,0.3,0.04,-0.3,-0.3,Matches,b0c71810
82,Yassine Bounou,GK,ma Morocco,31,1991,6.3,0,0,0,,0.00,0.00,,,,0,0,0,0.0,0.0,,0.0,0.0,Matches,f6798fc3
83,Martin Braithwaite,FWMF,dk Denmark,31,1991,1.1,0,1,0,0.0,0.87,0.00,0.00,,11.5,0,0,0,0.1,0.1,0.07,-0.1,-0.1,Matches,fd771f95
84,Mohammed Al-Breik,DF,sa Saudi Arabia,29,1992,0.7,0,2,1,50.0,2.77,1.38,0.00,0.00,20.4,0,0,0,0.4,0.0,0.01,-0.4,0.0,Matches,bd448676
85,Gleison Bremer,DF,br Brazil,25,1997,1.2,0,1,0,0.0,0.83,0.00,0.00,,5.5,0,0,0,0.2,0.2,0.17,-0.2,-0.2,Matches,5fd5ed86
86,Dylan Bronn,DF,tn Tunisia,26,1995,1.8,0,1,0,0.0,0.56,0.00,0.00,,17.8,0,0,0,0.1,0.1,0.07,-0.1,-0.1,Matches,edd81e2a
87,Marcelo Brozović,MF,hr Croatia,29,1992,6.1,0,4,2,50.0,0.65,0.33,0.00,0.00,17.4,0,0,0,0.5,0.5,0.13,-0.5,-0.5,Matches,33b8d077
88,Tajon Buchanan,MFDF,ca Canada,23,1999,2.9,0,5,0,0.0,1.73,0.00,0.00,,15.0,0,0,0,0.9,0.9,0.19,-0.9,-0.9,Matches,3aca6420
89,Ante Budimir,FW,hr Croatia,30,1991,0.6,0,1,0,0.0,1.64,0.00,0.00,,10.8,0,0,0,0.2,0.2,0.18,-0.2,-0.2,Matches,8f3565b3
90,Osman Bukari,MF,gh Ghana,23,1998,0.7,1,3,1,33.3,4.58,1.53,0.33,1.00,17.6,0,0,0,0.5,0.5,0.17,+0.5,+0.5,Matches,eab85789
91,Ali Al-Bulaihi,DF,sa Saudi Arabia,32,1989,2.4,0,0,0,,0.00,0.00,,,,0,0,0,0.0,0.0,,0.0,0.0,Matches,8d7b2936
92,Firas Al-Buraikan,MFFW,sa Saudi Arabia,22,2000,3.0,0,2,0,0.0,0.67,0.00,0.00,,15.4,0,0,0,0.1,0.1,0.06,-0.1,-0.1,Matches,ac717a23
93,Sergio Busquets,MF,es Spain,33,1988,4.0,0,2,0,0.0,0.50,0.00,0.00,,20.9,0,0,0,0.1,0.1,0.07,-0.1,-0.1,Matches,5ab0ea87
94,Martín Cáceres,DF,uy Uruguay,35,1987,1.0,0,0,0,,0.00,0.00,,,,0,0,0,0.0,0.0,,0.0,0.0,Matches,e94d79e3
95,Moisés Caicedo,MF,ec Ecuador,20,2001,3.0,1,3,1,33.3,1.00,0.33,0.33,1.00,16.0,0,0,0,0.5,0.5,0.17,+0.5,+0.5,Matches,16264a81
96,Francisco Calvo,DF,cr Costa Rica,29,1992,2.0,0,1,0,0.0,0.50,0.00,0.00,,28.8,0,0,0,0.0,0.0,0.01,0.0,0.0,Matches,706bd23f
97,Eduardo Camavinga,DF,fr France,19,2002,1.6,0,0,0,,0.00,0.00,,,,0,0,0,0.0,0.0,,0.0,0.0,Matches,7b9c2d84
98,Joel Campbell,FWMF,cr Costa Rica,29,1992,3.0,0,1,0,0.0,0.33,0.00,0.00,,21.1,0,0,0,0.0,0.0,0.01,0.0,0.0,Matches,895ff3ca
99,João Cancelo,DF,pt Portugal,28,1994,3.4,0,2,1,50.0,0.58,0.29,0.00,0.00,15.4,0,0,0,0.0,0.0,0.02,0.0,0.0,Matches,bd6351cd
100,Agustín Canobbio,MF,uy Uruguay,23,1998,0.1,0,0,0,,0.00,0.00,,,,0,0,0,0.0,0.0,,0.0,0.0,Matches,4f5a2f38
101,Yannick Carrasco,FWDF,be Belgium,28,1993,1.3,0,4,0,0.0,3.10,0.00,0.00,,13.9,0,0,0,0.3,0.3,0.07,-0.3,-0.3,Matches,de39485a
102,Cameron Carter-Vickers,DF,us United States,24,1997,1.0,0,0,0,,0.00,0.00,,,,0,0,0,0.0,0.0,,0.0,0.0,Matches,88ced02c
103,Dani Carvajal,DF,es Spain,30,1992,1.5,0,0,0,,0.00,0.00,,,,0,0,0,0.0,0.0,,0.0,0.0,Matches,4958bfb2
104,William Carvalho,MF,pt Portugal,30,1992,2.4,0,1,0,0.0,0.42,0.00,0.00,,15.8,0,0,0,0.1,0.1,0.07,-0.1,-0.1,Matches,dee86451
105,Casemiro,MF,br Brazil,30,1992,4.3,1,9,3,33.3,2.08,0.69,0.11,0.33,26.0,1,0,0,0.4,0.4,0.05,+0.6,+0.6,Matches,4d224fe8
106,Matty Cash,DF,pl Poland,24,1997,4.0,0,1,0,0.0,0.25,0.00,0.00,,24.2,0,0,0,0.0,0.0,0.04,0.0,0.0,Matches,2389cdc2
107,Timothy Castagne,DF,be Belgium,26,1995,3.0,0,0,0,,0.00,0.00,,,,0,0,0,0.0,0.0,,0.0,0.0,Matches,197640fd
108,Jean-Charles Castelletto,DF,cm Cameroon,27,1995,2.0,1,1,1,100.0,0.50,0.50,1.00,1.00,1.1,0,0,0,0.9,0.9,0.95,+0.1,+0.1,Matches,e0f3a1f6
109,Lucas Cavallini,FW,ca Canada,29,1992,0.2,0,0,0,,0.00,0.00,,,,0,0,0,0.0,0.0,,0.0,0.0,Matches,dd8de641
110,Edinson Cavani,FW,uy Uruguay,35,1987,1.4,0,3,0,0.0,2.18,0.00,0.00,,13.8,0,0,0,0.3,0.3,0.10,-0.3,-0.3,Matches,527f063d
111,Ghaylène Chaalali,MF,tn Tunisia,28,1994,0.2,0,0,0,,0.00,0.00,,,,0,0,0,0.0,0.0,,0.0,0.0,Matches,fb3f920a
112,Daniel Chacón,MF,cr Costa Rica,21,2001,0.0,0,0,0,,0.00,0.00,,,,0,0,0,0.0,0.0,,0.0,0.0,Matches,065a00d5
113,Ilias Chair,MF,ma Morocco,24,1997,0.5,0,0,0,,0.00,0.00,,,,0,0,0,0.0,0.0,,0.0,0.0,Matches,ad7873cb
114,Kwon Chang-hoon,FWMF,kr Korea Republic,27,1994,0.6,0,0,0,,0.00,0.00,,,,0,0,0,0.0,0.0,,0.0,0.0,Matches,7961f7aa
115,Luis Chávez,MF,mx Mexico,26,1996,3.0,1,10,4,40.0,3.33,1.33,0.10,0.25,31.4,4,0,0,0.3,0.3,0.03,+0.7,+0.7,Matches,e50949ea
116,Walid Cheddira,FW,ma Morocco,24,1998,0.7,0,2,1,50.0,2.81,1.41,0.00,0.00,9.8,0,0,0,0.5,0.5,0.23,-0.5,-0.5,Matches,0545a08e
117,Roozbeh Cheshmi,DFMF,ir IR Iran,28,1993,0.6,1,1,1,100.0,1.55,1.55,1.00,1.00,28.1,0,0,0,0.1,0.1,0.05,+0.9,+0.9,Matches,87c75fb3
118,Andreas Christensen,DF,dk Denmark,26,1996,3.0,1,2,1,50.0,0.67,0.33,0.50,1.00,5.9,0,0,0,0.4,0.4,0.18,+0.6,+0.6,Matches,1cb49278
119,Hong Chul,DF,kr Korea Republic,31,1990,0.5,0,0,0,,0.00,0.00,,,,0,0,0,0.0,0.0,,0.0,0.0,Matches,c7de2245
120,José Cifuentes,MF,ec Ecuador,23,1999,0.7,0,1,1,100.0,1.53,1.53,0.00,0.00,29.4,0,0,0,0.0,0.0,0.02,0.0,0.0,Matches,8c8c07a7
121,Pathé Ciss,MF,sn Senegal,28,1994,1.6,0,1,0,0.0,0.62,0.00,0.00,,12.8,0,0,0,0.0,0.0,0.04,0.0,0.0,Matches,9a0408b6
122,Sebastián Coates,DF,uy Uruguay,31,1990,2.0,0,1,0,0.0,0.50,0.00,0.00,,11.5,0,0,0,0.1,0.1,0.10,-0.1,-0.1,Matches,1fbbfbde
123,Rubin Colwill,MF,wls Wales,20,2002,0.1,0,1,0,0.0,9.00,0.00,0.00,,25.1,0,0,0,0.0,0.0,0.02,0.0,0.0,Matches,f170b63e
124,Kingsley Coman,FWMF,fr France,26,1996,1.9,0,1,0,0.0,0.53,0.00,0.00,,10.7,0,0,0,0.2,0.2,0.16,-0.2,-0.2,Matches,042e8a49
125,Eray Cömert,DF,ch Switzerland,24,1998,0.5,0,0,0,,0.00,0.00,,,,0,0,0,0.0,0.0,,0.0,0.0,Matches,15937e17
126,Anthony Contreras,FWMF,cr Costa Rica,22,2000,1.4,0,0,0,,0.00,0.00,,,,0,0,0,0.0,0.0,,0.0,0.0,Matches,d05ca2cc
127,Andreas Cornelius,FW,dk Denmark,29,1993,1.0,0,5,2,40.0,4.89,1.96,0.00,0.00,10.2,0,0,0,1.0,1.0,0.20,-1.0,-1.0,Matches,c693347d
128,Ángel Correa,MF,ar Argentina,27,1995,0.1,0,0,0,,0.00,0.00,,,,0,0,0,0.0,0.0,,0.0,0.0,Matches,01eb744d
129,Diogo Costa,GK,pt Portugal,22,1999,5.0,0,0,0,,0.00,0.00,,,,0,0,0,0.0,0.0,,0.0,0.0,Matches,93fffbcf
130,Thibaut Courtois,GK,be Belgium,30,1992,3.0,0,0,0,,0.00,0.00,,,,0,0,0,0.0,0.0,,0.0,0.0,Matches,1840e36d
131,Jason Cummings,FW,au Australia,26,1995,0.4,0,0,0,,0.00,0.00,,,,0,0,0,0.0,0.0,,0.0,0.0,Matches,e28fbd0e
132,Aimen Dahmen,GK,tn Tunisia,25,1997,3.0,0,0,0,,0.00,0.00,,,,0,0,0,0.0,0.0,,0.0,0.0,Matches,8bf49030
133,Diogo Dalot,DF,pt Portugal,23,1999,2.9,0,1,1,100.0,0.35,0.35,0.00,0.00,29.8,0,0,0,0.0,0.0,0.04,0.0,0.0,Matches,d9565625
134,Mikkel Damsgaard,MFFW,dk Denmark,21,2000,1.7,0,0,0,,0.00,0.00,,,,0,0,0,0.0,0.0,,0.0,0.0,Matches,215f3907
135,Danilo,DF,br Brazil,30,1991,3.1,0,2,0,0.0,0.64,0.00,0.00,,27.7,0,0,0,0.0,0.0,0.02,0.0,0.0,Matches,94b2001f
136,Achraf Dari,DF,ma Morocco,23,1999,2.1,1,1,1,100.0,0.48,0.48,1.00,1.00,4.1,0,0,0,0.6,0.6,0.63,+0.4,+0.4,Matches,5069b796
137,Jonathan David,FWMF,ca Canada,22,2000,2.1,0,8,1,12.5,3.75,0.47,0.00,0.00,14.1,0,0,0,1.0,0.7,0.09,-1.0,-0.7,Matches,ce50fd99
138,Alphonso Davies,MFDF,ca Canada,21,2000,3.0,1,3,1,33.3,1.00,0.33,0.33,1.00,21.0,1,0,1,1.1,0.3,0.09,-0.1,+0.7,Matches,d781d855
139,Ben Davies,DF,wls Wales,29,1993,2.6,0,3,2,66.7,1.13,0.76,0.00,0.00,12.1,0,0,0,0.3,0.3,0.12,-0.3,-0.3,Matches,44781702
140,Nasser Al-Dawsari,FW,sa Saudi Arabia,23,1998,0.1,0,0,0,,0.00,0.00,,,,0,0,0,0.0,0.0,,0.0,0.0,Matches,7709e4a6
141,Salem Al-Dawsari,MF,sa Saudi Arabia,30,1991,3.0,2,6,4,66.7,2.00,1.33,0.33,0.50,21.6,0,0,1,1.8,1.0,0.16,+0.2,+1.0,Matches,60ee859c
142,Giorgian De Arrascaeta,MF,uy Uruguay,28,1994,1.2,2,3,3,100.0,2.50,2.50,0.67,0.67,9.6,0,0,0,1.2,1.2,0.40,+0.8,+0.8,Matches,be8d02dd
143,Kevin De Bruyne,FWMF,be Belgium,30,1991,3.0,0,7,2,28.6,2.33,0.67,0.00,0.00,23.3,1,0,0,0.2,0.2,0.03,-0.2,-0.2,Matches,e46012d4
144,Charles De Ketelaere,FW,be Belgium,21,2001,0.2,0,0,0,,0.00,0.00,,,,0,0,0,0.0,0.0,,0.0,0.0,Matches,2ef7c612
145,Nicolás De La Cruz,MF,uy Uruguay,25,1997,0.4,0,1,1,100.0,2.37,2.37,0.00,0.00,32.4,1,0,0,0.0,0.0,0.04,0.0,0.0,Matches,8fda5c72
146,Rodrigo De Paul,MF,ar Argentina,28,1994,6.7,0,7,3,42.9,1.05,0.45,0.00,0.00,20.1,0,0,0,0.9,0.9,0.13,-0.9,-0.9,Matches,162efffd
147,Miloš Degenek,DF,au Australia,28,1994,2.0,0,0,0,,0.00,0.00,,,,0,0,0,0.0,0.0,,0.0,0.0,Matches,c8e65157
148,Thomas Delaney,MF,dk Denmark,30,1991,0.5,0,0,0,,0.00,0.00,,,,0,0,0,0.0,0.0,,0.0,0.0,Matches,fe641c1a
149,Ousmane Dembélé,FW,fr France,25,1997,4.8,0,8,2,25.0,1.66,0.42,0.00,0.00,20.2,0,0,0,0.5,0.5,0.06,-0.5,-0.5,Matches,b19db005
150,Leander Dendoncker,DFMF,be Belgium,27,1995,1.8,0,1,0,0.0,0.56,0.00,0.00,,9.6,0,0,0,0.1,0.1,0.08,-0.1,-0.1,Matches,5a7301ae
151,Sergiño Dest,DF,us United States,21,2000,3.4,0,6,0,0.0,1.77,0.00,0.00,,19.8,0,0,0,0.2,0.2,0.04,-0.2,-0.2,Matches,5976f83e
152,Ángel Di María,MFFW,ar Argentina,34,1988,3.2,1,6,3,50.0,1.87,0.94,0.17,0.33,20.7,0,0,0,0.6,0.6,0.11,+0.4,+0.4,Matches,19cda00b
153,Boulaye Dia,FW,sn Senegal,25,1996,3.5,1,8,3,37.5,2.26,0.85,0.13,0.33,14.2,0,0,0,0.7,0.7,0.09,+0.3,+0.3,Matches,244bc2c8
154,Abdou Diallo,DF,sn Senegal,26,1996,3.7,0,1,0,0.0,0.27,0.00,0.00,,15.4,0,0,0,0.0,0.0,0.03,0.0,0.0,Matches,fc62f087
155,Rúben Dias,DF,pt Portugal,25,1997,4.0,0,1,0,0.0,0.25,0.00,0.00,,12.0,0,0,0,0.0,0.0,0.03,0.0,0.0,Matches,31c69ef1
156,Krépin Diatta,FWMF,sn Senegal,23,1999,2.0,0,3,1,33.3,1.49,0.50,0.00,0.00,16.5,0,0,0,0.1,0.1,0.04,-0.1,-0.1,Matches,8104e41e
157,Famara Diedhiou,FW,sn Senegal,29,1992,1.0,1,3,1,33.3,2.93,0.98,0.33,1.00,9.1,0,0,0,0.2,0.2,0.07,+0.8,+0.8,Matches,e447352c
158,Bamba Dieng,FW,sn Senegal,22,2000,1.1,1,4,1,25.0,3.60,0.90,0.25,1.00,16.3,1,0,0,0.5,0.5,0.12,+0.5,+0.5,Matches,40774c6b
159,Eric Dier,DF,eng England,28,1994,0.4,0,0,0,,0.00,0.00,,,,0,0,0,0.0,0.0,,0.0,0.0,Matches,ac861941
160,Axel Disasi,DF,fr France,24,1998,1.0,0,1,0,0.0,0.98,0.00,0.00,,9.6,0,0,0,0.1,0.1,0.07,-0.1,-0.1,Matches,ad82197c
161,Alexander Djiku,DFFW,gh Ghana,27,1994,1.1,0,0,0,,0.00,0.00,,,,0,0,0,0.0,0.0,,0.0,0.0,Matches,43e7a164
162,Ritsu Doan,FW,jp Japan,23,1998,2.4,2,4,3,75.0,1.66,1.24,0.50,0.67,20.1,0,0,0,0.5,0.5,0.13,+1.5,+1.5,Matches,d01bbb6f
163,Jeremy Doku,MFFW,be Belgium,20,2002,0.2,0,0,0,,0.00,0.00,,,,0,0,0,0.0,0.0,,0.0,0.0,Matches,fffea3e5
164,Kasper Dolberg,FW,dk Denmark,24,1997,1.3,0,3,1,33.3,2.37,0.79,0.00,0.00,8.6,0,0,0,0.4,0.4,0.13,-0.4,-0.4,Matches,cc83b74d
165,Mohamed Dräger,DF,tn Tunisia,25,1996,1.5,0,4,0,0.0,2.73,0.00,0.00,,25.8,0,0,0,0.2,0.2,0.05,-0.2,-0.2,Matches,8954fddc
166,Óscar Duarte,DF,cr Costa Rica,33,1989,3.0,0,0,0,,0.00,0.00,,,,0,0,0,0.0,0.0,,0.0,0.0,Matches,aa0ac32d
167,Mitchell Duke,FW,au Australia,31,1991,3.0,1,7,4,57.1,2.33,1.33,0.14,0.25,17.6,0,0,0,0.4,0.4,0.05,+0.6,+0.6,Matches,293f5bf9
168,Denzel Dumfries,DF,nl Netherlands,26,1996,5.3,1,1,1,100.0,0.19,0.19,1.00,1.00,8.7,0,0,0,0.4,0.4,0.38,+0.6,+0.6,Matches,481c9ece
169,Paulo Dybala,FW,ar Argentina,28,1993,0.2,0,0,0,,0.00,0.00,,,,0,0,0,0.0,0.0,,0.0,0.0,Matches,e0921a4f
170,Enzo Ebosse,DF,cm Cameroon,23,1999,1.0,0,0,0,,0.00,0.00,,,,0,0,0,0.0,0.0,,0.0,0.0,Matches,9ba7b4fa
171,Ederson,GK,br Brazil,28,1993,1.0,0,0,0,,0.00,0.00,,,,0,0,0,0.0,0.0,,0.0,0.0,Matches,3bb7b8b4
172,Jorge Eduardo Sánchez,DF,mx Mexico,24,1997,1.9,0,1,1,100.0,0.51,0.51,0.00,0.00,18.3,0,0,0,0.0,0.0,0.02,0.0,0.0,Matches,c8d1c3a5
173,Nico Elvedi,DF,ch Switzerland,25,1996,2.0,0,1,0,0.0,0.50,0.00,0.00,,9.3,0,0,0,0.1,0.1,0.08,-0.1,-0.1,Matches,48035304
174,Breel Embolo,FW,ch Switzerland,25,1997,3.6,2,6,3,50.0,1.67,0.84,0.33,0.67,10.5,0,0,0,2.3,2.3,0.38,-0.3,-0.3,Matches,0b4f388a
175,Youssef En-Nesyri,FW,ma Morocco,25,1997,6.0,2,9,3,33.3,1.49,0.50,0.22,0.67,9.1,0,0,0,1.2,1.2,0.14,+0.8,+0.8,Matches,04e17fd5
176,Wataru Endo,MF,jp Japan,29,1993,3.4,0,6,1,16.7,1.78,0.30,0.00,0.00,25.5,0,0,0,0.2,0.2,0.03,-0.2,-0.2,Matches,c149016b
177,Devis Epassy,GK,cm Cameroon,29,1993,2.0,0,0,0,,0.00,0.00,,,,0,0,0,0.0,0.0,,0.0,0.0,Matches,e171b085
178,Christian Eriksen,MF,dk Denmark,30,1992,3.0,0,4,1,25.0,1.33,0.33,0.00,0.00,27.2,0,0,0,0.2,0.2,0.04,-0.2,-0.2,Matches,980522ec
179,Michael Estrada,FW,ec Ecuador,26,1996,2.5,0,3,0,0.0,1.20,0.00,0.00,,13.0,0,0,0,0.3,0.3,0.10,-0.3,-0.3,Matches,773f5f12
180,Pervis Estupiñán,DF,ec Ecuador,24,1998,3.0,0,1,1,100.0,0.33,0.33,0.00,0.00,14.4,0,0,0,0.1,0.1,0.07,-0.1,-0.1,Matches,d38fdf53
181,Stephen Eustáquio,MF,ca Canada,25,1996,1.4,0,3,0,0.0,2.16,0.00,0.00,,19.8,0,0,0,0.2,0.2,0.06,-0.2,-0.2,Matches,577efaec
182,Saeid Ezatolahi,MF,ir IR Iran,25,1996,2.4,0,3,1,33.3,1.24,0.41,0.00,0.00,29.4,0,0,0,0.1,0.1,0.03,-0.1,-0.1,Matches,314d95ac
183,Abdessamad Ezzalzouli,FWMF,ma Morocco,20,2001,1.0,0,1,0,0.0,0.97,0.00,0.00,,13.7,0,0,0,0.1,0.1,0.06,-0.1,-0.1,Matches,bed68338
184,Fabinho,MF,br Brazil,28,1993,1.0,0,0,0,,0.00,0.00,,,,0,0,0,0.0,0.0,,0.0,0.0,Matches,7f3b388c
185,Collins Fai,DF,cm Cameroon,29,1992,3.0,0,1,0,0.0,0.33,0.00,0.00,,27.9,0,0,0,0.0,0.0,0.02,0.0,0.0,Matches,46e58246
186,Salman Al-Faraj,MF,sa Saudi Arabia,32,1989,0.5,0,0,0,,0.00,0.00,,,,0,0,0,0.0,0.0,,0.0,0.0,Matches,df145034
187,Christian Fassnacht,FW,ch Switzerland,28,1993,0.1,0,1,1,100.0,11.25,11.25,0.00,0.00,14.8,0,0,0,0.2,0.2,0.23,-0.2,-0.2,Matches,0aeeed3f
188,Abdul Fatawu Issahaku,FW,gh Ghana,18,2004,0.0,0,0,0,,0.00,0.00,,,,0,0,0,0.0,0.0,,0.0,0.0,Matches,bceda5ff
189,Ansu Fati,FW,es Spain,19,2002,0.5,0,0,0,,0.00,0.00,,,,0,0,0,0.0,0.0,,0.0,0.0,Matches,0ba976e4
190,João Félix,FW,pt Portugal,22,1999,3.7,1,11,3,27.3,2.99,0.82,0.09,0.33,18.6,0,0,0,0.9,0.9,0.08,+0.1,+0.1,Matches,8aafd64f
191,Bruno Fernandes,FWMF,pt Portugal,27,1994,4.0,2,7,2,28.6,1.77,0.51,0.14,0.50,24.5,0,1,1,1.1,0.3,0.05,+0.9,+0.7,Matches,507c7bdf
192,Edimilson Fernandes,FWDF,ch Switzerland,26,1996,1.6,0,1,0,0.0,0.62,0.00,0.00,,24.2,0,0,0,0.0,0.0,0.03,0.0,0.0,Matches,3bb625ac
193,Enzo Fernández,MF,ar Argentina,21,2001,6.3,1,8,3,37.5,1.28,0.48,0.13,0.33,24.9,0,0,0,0.3,0.3,0.04,+0.7,+0.7,Matches,5ff4ab71
194,Jesús Ferreira,FW,us United States,21,2000,0.5,0,0,0,,0.00,0.00,,,,0,0,0,0.0,0.0,,0.0,0.0,Matches,f61246d8
195,Phil Foden,FWMF,eng England,22,2000,2.9,1,6,1,16.7,2.09,0.35,0.17,1.00,13.8,0,0,0,1.1,1.1,0.18,-0.1,-0.1,Matches,ed1e53f3
196,Youssouf Fofana,MF,fr France,23,1999,2.5,0,4,0,0.0,1.59,0.00,0.00,,21.1,0,0,0,0.2,0.2,0.04,-0.2,-0.2,Matches,822d51d7
197,Juan Foyth,DF,ar Argentina,24,1998,0.1,0,0,0,,0.00,0.00,,,,0,0,0,0.0,0.0,,0.0,0.0,Matches,6c7762c3
198,Alan Franco,MF,ec Ecuador,23,1998,0.5,0,0,0,,0.00,0.00,,,,0,0,0,0.0,0.0,,0.0,0.0,Matches,c76b161b
199,Przemysław Frankowski,MF,pl Poland,27,1995,2.7,0,1,0,0.0,0.37,0.00,0.00,,15.6,0,0,0,0.0,0.0,0.03,0.0,0.0,Matches,00a8d210
200,Fred,MF,br Brazil,29,1993,1.6,0,3,1,33.3,1.90,0.63,0.00,0.00,18.3,0,0,0,0.3,0.3,0.11,-0.3,-0.3,Matches,b853e0ad
201,Fabian Frei,MF,ch Switzerland,33,1989,0.3,0,0,0,,0.00,0.00,,,,0,0,0,0.0,0.0,,0.0,0.0,Matches,9fb640a8
202,Remo Freuler,MF,ch Switzerland,30,1992,3.6,1,3,1,33.3,0.84,0.28,0.33,1.00,10.3,0,0,0,0.5,0.5,0.17,+0.5,+0.5,Matches,98d2c2c4
203,Keysher Fuller,DFMF,cr Costa Rica,27,1994,2.8,1,3,2,66.7,1.07,0.71,0.33,0.50,15.5,0,0,0,0.4,0.4,0.13,+0.6,+0.6,Matches,78019e88
204,Niclas Füllkrug,FW,de Germany,29,1993,0.8,2,8,3,37.5,10.43,3.91,0.25,0.67,10.0,0,0,0,2.2,2.2,0.27,-0.2,-0.2,Matches,4f16405e
205,Rogelio Funes Mori,FW,mx Mexico,31,1991,0.1,0,1,0,0.0,18.00,0.00,0.00,,22.6,0,0,0,0.1,0.1,0.07,-0.1,-0.1,Matches,bf9a2406
206,Cody Gakpo,FWMF,nl Netherlands,23,1999,5.0,3,5,3,60.0,1.00,0.60,0.60,1.00,19.9,0,0,0,0.3,0.3,0.06,+2.7,+2.7,Matches,1971591f
207,Hernán Galíndez,GK,ec Ecuador,35,1987,3.0,0,0,0,,0.00,0.00,,,,0,0,0,0.0,0.0,,0.0,0.0,Matches,89c136f6
208,Jesús Gallardo,DF,mx Mexico,27,1994,3.0,0,1,0,0.0,0.33,0.00,0.00,,15.1,0,0,0,0.1,0.1,0.12,-0.1,-0.1,Matches,d0846b6c
209,Idrissa Gana Gueye,MF,sn Senegal,32,1989,3.0,0,4,1,25.0,1.33,0.33,0.00,0.00,19.6,0,0,0,0.3,0.3,0.08,-0.3,-0.3,Matches,72c812f3
210,Gavi,MF,es Spain,17,2004,3.2,1,1,1,100.0,0.32,0.32,1.00,1.00,17.6,0,0,0,0.1,0.1,0.14,+0.9,+0.9,Matches,19cae58d
211,Sultan Al-Ghanam,DFMF,sa Saudi Arabia,28,1994,1.4,0,2,0,0.0,1.43,0.00,0.00,,7.6,0,0,0,0.2,0.2,0.08,-0.2,-0.2,Matches,0ea89f8d
212,Nader Ghandri,DF,tn Tunisia,27,1995,1.0,0,0,0,,0.00,0.00,,,,0,0,0,0.0,0.0,,0.0,0.0,Matches,7f1c7219
213,Saman Ghoddos,MF,ir IR Iran,28,1993,0.5,0,1,0,0.0,2.00,0.00,0.00,,6.4,0,0,0,0.2,0.2,0.18,-0.2,-0.2,Matches,f7b1d4e0
214,Ali Gholizadeh,MFFW,ir IR Iran,26,1996,2.2,0,1,0,0.0,0.45,0.00,0.00,,26.2,0,0,0,0.0,0.0,0.03,0.0,0.0,Matches,9fc0ac41
215,Matthias Ginter,DF,de Germany,28,1994,0.0,0,0,0,,0.00,0.00,,,,0,0,0,0.0,0.0,,0.0,0.0,Matches,f521b80a
216,Olivier Giroud,FW,fr France,35,1986,4.7,4,16,6,37.5,3.44,1.29,0.25,0.67,11.0,0,0,0,3.4,3.4,0.21,+0.6,+0.6,Matches,16ceb862
217,Kamil Glik,DF,pl Poland,34,1988,4.0,0,3,0,0.0,0.75,0.00,0.00,,11.6,0,0,0,0.2,0.2,0.08,-0.2,-0.2,Matches,c6056d58
218,Serge Gnabry,FWMF,de Germany,26,1995,2.9,1,12,4,33.3,4.11,1.37,0.08,0.25,15.6,0,0,0,1.1,1.1,0.09,-0.1,-0.1,Matches,88e357ef
219,Diego Godín,DF,uy Uruguay,36,1986,1.7,0,1,0,0.0,0.60,0.00,0.00,,10.6,0,0,0,0.1,0.1,0.06,-0.1,-0.1,Matches,fc4f85b1
220,Maxi Gómez,FW,uy Uruguay,25,1996,0.3,0,2,1,50.0,6.00,3.00,0.00,0.00,26.1,0,0,0,0.1,0.1,0.04,-0.1,-0.1,Matches,4c2e9442
221,Papu Gómez,MFFW,ar Argentina,34,1988,1.2,0,2,0,0.0,1.68,0.00,0.00,,26.3,0,0,0,0.0,0.0,0.02,0.0,0.0,Matches,6e4df551
222,Shūichi Gonda,GK,jp Japan,33,1989,4.3,0,0,0,,0.00,0.00,,,,0,0,0,0.0,0.0,,0.0,0.0,Matches,d8e5492f
223,Craig Goodwin,MF,au Australia,30,1991,2.6,1,2,1,50.0,0.77,0.38,0.50,1.00,16.1,0,0,0,0.3,0.3,0.14,+0.7,+0.7,Matches,b2741e3d
224,Leon Goretzka,MF,de Germany,27,1995,1.8,0,4,1,25.0,2.26,0.57,0.00,0.00,16.7,0,0,0,0.5,0.5,0.11,-0.5,-0.5,Matches,cc86b9a3
225,Mario Götze,MF,de Germany,30,1992,0.4,0,1,1,100.0,2.50,2.50,0.00,0.00,14.3,0,0,0,0.1,0.1,0.09,-0.1,-0.1,Matches,9efa1d25
226,Jack Grealish,FW,eng England,26,1995,1.0,1,1,1,100.0,1.05,1.05,1.00,1.00,8.8,0,0,0,0.6,0.6,0.65,+0.4,+0.4,Matches,b0b4fd3e
227,Antoine Griezmann,MF,fr France,31,1991,6.0,0,6,2,33.3,1.01,0.34,0.00,0.00,17.6,1,0,0,0.7,0.7,0.11,-0.7,-0.7,Matches,df69b544
228,Kamil Grosicki,MF,pl Poland,34,1988,0.0,0,0,0,,0.00,0.00,,,,0,0,0,0.0,0.0,,0.0,0.0,Matches,81d8091f
229,Carlos Gruezo,MF,ec Ecuador,27,1995,0.5,0,0,0,,0.00,0.00,,,,0,0,0,0.0,0.0,,0.0,0.0,Matches,f2dd9a21
230,Marko Grujić,MF,rs Serbia,26,1996,0.1,0,1,1,100.0,6.92,6.92,0.00,0.00,29.6,0,0,0,0.0,0.0,0.04,0.0,0.0,Matches,8b8e759d
231,Andrés Guardado,MF,mx Mexico,35,1986,0.5,0,0,0,,0.00,0.00,,,,0,0,0,0.0,0.0,,0.0,0.0,Matches,ef322658
232,Nemanja Gudelj,MFDF,rs Serbia,30,1991,1.0,0,0,0,,0.00,0.00,,,,0,0,0,0.0,0.0,,0.0,0.0,Matches,0076ab7f
233,Mattéo Guendouzi,FWMF,fr France,23,1999,0.9,0,0,0,,0.00,0.00,,,,0,0,0,0.0,0.0,,0.0,0.0,Matches,5ea8ef20
234,Raphaël Guerreiro,DF,pt Portugal,28,1993,3.1,1,3,1,33.3,0.97,0.32,0.33,1.00,17.7,0,0,0,0.4,0.4,0.12,+0.6,+0.6,Matches,048a1cbc
235,Cho Guesung,FW,kr Korea Republic,24,1998,3.1,2,9,5,55.6,2.95,1.64,0.22,0.40,11.4,0,0,0,1.1,1.1,0.12,+0.9,+0.9,Matches,ccfa8e5e
236,Pape Gueye,MF,sn Senegal,23,1999,1.7,0,4,2,50.0,2.35,1.18,0.00,0.00,24.8,0,0,0,0.1,0.1,0.03,-0.1,-0.1,Matches,7155e3e1
237,Bruno Guimarães,MF,br Brazil,24,1997,0.8,0,5,2,40.0,6.52,2.61,0.00,0.00,12.4,0,0,0,0.7,0.7,0.14,-0.7,-0.7,Matches,82518f62
238,İlkay Gündoğan,MF,de Germany,31,1990,2.1,1,5,2,40.0,2.38,0.95,0.00,0.00,25.9,0,1,1,1.1,0.4,0.07,-0.1,-0.4,Matches,819b3158
239,Erick Gutiérrez,MF,mx Mexico,26,1995,0.5,0,0,0,,0.00,0.00,,,,0,0,0,0.0,0.0,,0.0,0.0,Matches,c7842dab
240,Joško Gvardiol,DF,hr Croatia,20,2002,7.7,1,2,1,50.0,0.26,0.13,0.50,1.00,16.8,0,0,0,0.1,0.1,0.07,+0.9,+0.9,Matches,5ad50391
241,Asiri Haitham,FW,sa Saudi Arabia,21,2001,0.0,0,0,0,,0.00,0.00,,,,0,0,0,0.0,0.0,,0.0,0.0,Matches,9c08d5cd
242,Ehsan Hajsafi,MFDF,ir IR Iran,32,1990,2.6,0,1,0,0.0,0.38,0.00,0.00,,14.4,0,0,0,0.2,0.2,0.16,-0.2,-0.2,Matches,b060e3b8
243,Achraf Hakimi,DF,ma Morocco,23,1998,7.0,0,4,1,25.0,0.57,0.14,0.00,0.00,26.5,1,0,0,0.1,0.1,0.03,-0.1,-0.1,Matches,e42d61c7
244,Abderrazak Hamdallah,FW,ma Morocco,31,1990,0.8,0,2,1,50.0,2.65,1.32,0.00,0.00,7.8,0,0,0,0.4,0.4,0.20,-0.4,-0.4,Matches,fe73f8c6
245,Abdelkarim Hassan,DF,qa Qatar,28,1993,3.0,0,6,0,0.0,2.00,0.00,0.00,,23.6,0,0,0,0.3,0.3,0.05,-0.3,-0.3,Matches,7380bccf
246,Ali Al Hassan,MF,sa Saudi Arabia,25,1997,0.5,0,1,0,0.0,2.00,0.00,0.00,,10.4,0,0,0,0.1,0.1,0.07,-0.1,-0.1,Matches,68b689fa
247,Abdulaziz Hatem,MF,qa Qatar,31,1990,2.2,0,1,1,100.0,0.46,0.46,0.00,0.00,27.4,0,0,0,0.0,0.0,0.02,0.0,0.0,Matches,c5065ef8
248,Kai Havertz,FW,de Germany,23,1999,1.1,2,5,3,60.0,4.41,2.65,0.40,0.67,13.1,0,0,0,1.4,1.4,0.27,+0.6,+0.6,Matches,fed7cb61
249,Hassan Al-Haydos,MF,qa Qatar,31,1990,2.3,0,1,1,100.0,0.44,0.44,0.00,0.00,29.2,0,0,0,0.0,0.0,0.01,0.0,0.0,Matches,41bd6c64
250,Eden Hazard,MF,be Belgium,31,1991,1.4,0,1,1,100.0,0.73,0.73,0.00,0.00,18.7,0,0,0,0.1,0.1,0.05,-0.1,-0.1,Matches,a39bb753
251,Thorgan Hazard,FW,be Belgium,29,1993,1.2,0,0,0,,0.00,0.00,,,,0,0,0,0.0,0.0,,0.0,0.0,Matches,50871bcc
252,Hwang Hee-chan,MFFW,kr Korea Republic,26,1996,1.3,1,6,5,83.3,4.70,3.91,0.17,0.20,17.5,0,0,0,0.9,0.9,0.15,+0.1,+0.1,Matches,169fd162
253,Jordan Henderson,MF,eng England,31,1990,3.0,1,2,1,50.0,0.66,0.33,0.50,1.00,18.5,0,0,0,0.2,0.2,0.08,+0.8,+0.8,Matches,935e6b8f
254,Wayne Hennessey,GK,wls Wales,35,1987,1.9,0,0,0,,0.00,0.00,,,,0,0,0,0.0,0.0,,0.0,0.0,Matches,76eca7e2
255,Lucas Hernández,DF,fr France,26,1996,0.1,0,0,0,,0.00,0.00,,,,0,0,0,0.0,0.0,,0.0,0.0,Matches,c3ee18ef
256,Theo Hernández,DF,fr France,24,1997,5.6,1,5,2,40.0,0.89,0.35,0.20,0.50,16.7,0,0,0,0.4,0.4,0.08,+0.6,+0.6,Matches,d4c9725f
257,Héctor Herrera,MF,mx Mexico,32,1990,1.8,0,0,0,,0.00,0.00,,,,0,0,0,0.0,0.0,,0.0,0.0,Matches,a8542814
258,Son Heung-min,FWMF,kr Korea Republic,29,1992,4.0,0,9,3,33.3,2.25,0.75,0.00,0.00,18.8,0,0,0,0.4,0.4,0.05,-0.4,-0.4,Matches,92e7e919
259,Piero Hincapié,DF,ec Ecuador,20,2002,3.0,0,0,0,,0.00,0.00,,,,0,0,0,0.0,0.0,,0.0,0.0,Matches,0c7a48f8
260,Jonas Hofmann,FW,de Germany,29,1992,0.3,0,1,1,100.0,3.00,3.00,0.00,0.00,11.5,0,0,0,0.3,0.3,0.27,-0.3,-0.3,Matches,2903a856
261,Junior Hoilett,FWMF,ca Canada,32,1990,1.8,0,4,0,0.0,2.24,0.00,0.00,,24.3,0,0,0,0.1,0.1,0.03,-0.1,-0.1,Matches,33af5b9e
262,Martin Hongla,MF,cm Cameroon,24,1998,1.3,0,1,1,100.0,0.74,0.74,0.00,0.00,13.0,0,0,0,0.1,0.1,0.05,-0.1,-0.1,Matches,b85bf253
263,Ricardo Horta,FW,pt Portugal,27,1994,1.3,1,3,2,66.7,2.27,1.51,0.33,0.50,13.5,0,0,0,0.8,0.8,0.25,+0.2,+0.2,Matches,6603fed7
264,Hossein Hosseini,GK,ir IR Iran,29,1992,1.8,0,0,0,,0.00,0.00,,,,0,0,0,0.0,0.0,,0.0,0.0,Matches,fb24817c
265,Majid Hosseini,DF,ir IR Iran,25,1996,3.0,0,0,0,,0.00,0.00,,,,0,0,0,0.0,0.0,,0.0,0.0,Matches,d2161bae
266,Ajdin Hrustic,MFFW,au Australia,25,1996,0.7,0,1,0,0.0,1.45,0.00,0.00,,22.4,0,0,0,0.0,0.0,0.03,0.0,0.0,Matches,1f2d714c
267,Atiba Hutchinson,MF,ca Canada,39,1983,1.8,0,2,0,0.0,1.13,0.00,0.00,,16.8,0,0,0,0.1,0.1,0.06,-0.1,-0.1,Matches,f1b55719
268,Pierre Højbjerg,MF,dk Denmark,26,1995,3.0,0,2,1,50.0,0.67,0.33,0.00,0.00,30.7,0,0,0,0.0,0.0,0.01,0.0,0.0,Matches,8b04d6c1
269,Romario Ibarra,MF,ec Ecuador,27,1994,0.8,0,2,1,50.0,2.65,1.32,0.00,0.00,23.2,0,0,0,0.1,0.1,0.07,-0.1,-0.1,Matches,b494ccf5
270,Ivan Ilić,MF,rs Serbia,21,2001,0.4,0,0,0,,0.00,0.00,,,,0,0,0,0.0,0.0,,0.0,0.0,Matches,bb376bed
271,Hwang In-beom,MF,kr Korea Republic,25,1996,3.7,0,6,1,16.7,1.62,0.27,0.00,0.00,27.1,0,0,0,0.2,0.2,0.04,-0.2,-0.2,Matches,92fa5d28
272,Jackson Irvine,MFFW,au Australia,29,1993,3.9,0,3,0,0.0,0.76,0.00,0.00,,9.3,0,0,0,0.5,0.5,0.17,-0.5,-0.5,Matches,4637747c
273,Ko Itakura,DF,jp Japan,25,1997,3.0,0,3,1,33.3,1.00,0.33,0.00,0.00,14.6,0,0,0,0.2,0.2,0.05,-0.2,-0.2,Matches,97d545ae
274,Hiroki Ito,DF,jp Japan,23,1999,0.5,0,0,0,,0.00,0.00,,,,0,0,0,0.0,0.0,,0.0,0.0,Matches,204dded0
275,Junya Ito,MFFW,jp Japan,29,1993,3.6,0,2,1,50.0,0.56,0.28,0.00,0.00,11.1,0,0,0,0.2,0.2,0.09,-0.2,-0.2,Matches,dbd3a428
276,Yahya Jabrane,MF,ma Morocco,30,1991,0.2,0,0,0,,0.00,0.00,,,,,0,0,,,,,,Matches,143efbd5
277,Nicolas Jackson,FW,sn Senegal,20,2001,0.2,0,0,0,,0.00,0.00,,,,0,0,0,0.0,0.0,,0.0,0.0,Matches,9c36ed83
278,Lee Jae-sung,MFFW,kr Korea Republic,29,1992,2.3,0,1,0,0.0,0.43,0.00,0.00,,26.8,0,0,0,0.0,0.0,0.02,0.0,0.0,Matches,34b0387f
279,Alireza Jahanbakhsh,MF,ir IR Iran,28,1993,0.7,0,3,0,0.0,4.58,0.00,0.00,,22.9,0,0,0,0.2,0.2,0.06,-0.2,-0.2,Matches,08452314
280,Kristijan Jakić,FW,hr Croatia,25,1997,0.0,0,0,0,,0.00,0.00,,,,0,0,0,0.0,0.0,,0.0,0.0,Matches,a8ee54ad
281,Ismail Jakobs,DF,sn Senegal,22,1999,3.1,0,1,0,0.0,0.32,0.00,0.00,,31.0,0,0,0,0.0,0.0,0.01,0.0,0.0,Matches,a0415710
282,Abolfazl Jalali,DF,ir IR Iran,23,1998,0.2,0,0,0,,0.00,0.00,,,,0,0,0,0.0,0.0,,0.0,0.0,Matches,d932eeee
283,Daniel James,FWMF,wls Wales,24,1997,1.7,0,0,0,,0.00,0.00,,,,0,0,0,0.0,0.0,,0.0,0.0,Matches,c931d9f9
284,Vincent Janssen,FW,nl Netherlands,27,1994,1.0,0,2,0,0.0,2.09,0.00,0.00,,21.0,0,0,0,0.1,0.1,0.04,-0.1,-0.1,Matches,31dce0c8
285,Ardon Jasari,FW,ch Switzerland,19,2002,0.0,0,0,0,,0.00,0.00,,,,0,0,0,0.0,0.0,,0.0,0.0,Matches,889588db
286,Issam Jebali,FW,tn Tunisia,30,1991,2.0,0,3,1,33.3,1.48,0.49,0.00,0.00,10.4,0,0,0,0.5,0.5,0.18,-0.5,-0.5,Matches,4b751020
287,Artur Jędrzejczyk,DF,pl Poland,34,1987,0.2,0,0,0,,0.00,0.00,,,,0,0,0,0.0,0.0,,0.0,0.0,Matches,d1943c8b
288,Mathias Jensen,MF,dk Denmark,26,1996,0.9,0,2,1,50.0,2.14,1.07,0.00,0.00,17.9,0,0,0,0.1,0.1,0.05,-0.1,-0.1,Matches,0f134faf
289,Gabriel Jesus,FW,br Brazil,25,1997,1.0,0,2,1,50.0,1.94,0.97,0.00,0.00,8.8,0,0,0,0.4,0.4,0.18,-0.4,-0.4,Matches,b66315ae
290,Raúl Jiménez,FW,mx Mexico,31,1991,0.7,0,0,0,,0.00,0.00,,,,0,0,0,0.0,0.0,,0.0,0.0,Matches,b561db50
291,Kim Jin-su,DF,kr Korea Republic,30,1992,3.5,0,4,0,0.0,1.14,0.00,0.00,,11.2,0,0,0,0.3,0.3,0.08,-0.3,-0.3,Matches,8e6ff136
292,Brennan Johnson,FWMF,wls Wales,21,2001,1.0,0,3,1,33.3,2.97,0.99,0.00,0.00,14.6,0,0,0,0.2,0.2,0.07,-0.2,-0.2,Matches,0cd31129
293,Alistair Johnston,DF,ca Canada,23,1998,3.0,0,2,1,50.0,0.67,0.33,0.00,0.00,8.5,0,0,0,0.8,0.8,0.40,-0.8,-0.8,Matches,4fb17e20
294,Frenkie de Jong,MF,nl Netherlands,25,1997,5.3,1,2,1,50.0,0.38,0.19,0.50,1.00,14.2,0,0,0,0.9,0.9,0.44,+0.1,+0.1,Matches,1bacc518
295,Luuk de Jong,FW,nl Netherlands,31,1990,0.6,0,1,0,0.0,1.58,0.00,0.00,,13.0,0,0,0,0.1,0.1,0.08,-0.1,-0.1,Matches,abb3bb95
296,Luka Jović,FW,rs Serbia,24,1997,0.4,0,2,0,0.0,5.00,0.00,0.00,,17.6,0,0,0,0.1,0.1,0.03,-0.1,-0.1,Matches,4d8cd038
297,Son Jun-ho,MFDF,kr Korea Republic,30,1992,0.8,0,0,0,,0.00,0.00,,,,0,0,0,0.0,0.0,,0.0,0.0,Matches,f7c7ba0d
298,Vinicius Júnior,FW,br Brazil,21,2000,3.3,1,9,4,44.4,2.71,1.20,0.11,0.25,15.0,0,0,0,1.0,1.0,0.11,0.0,0.0,Matches,7111d552
299,Josip Juranović,DF,hr Croatia,26,1995,6.7,0,1,0,0.0,0.15,0.00,0.00,,18.1,0,0,0,0.0,0.0,0.03,0.0,0.0,Matches,0a084b35
300,Daichi Kamada,FWMF,jp Japan,25,1996,3.6,0,6,1,16.7,1.68,0.28,0.00,0.00,17.5,1,0,0,0.6,0.6,0.11,-0.6,-0.6,Matches,15b287da
301,Jakub Kamiński,MF,pl Poland,20,2002,2.6,0,4,1,25.0,1.55,0.39,0.00,0.00,10.1,0,0,0,0.4,0.3,0.07,-0.4,-0.3,Matches,202b3b68
302,Hossein Kanaanizadegan,DF,ir IR Iran,28,1994,0.5,0,0,0,,0.00,0.00,,,,0,0,0,0.0,0.0,,0.0,0.0,Matches,24353c25
303,Harry Kane,FW,eng England,28,1993,4.5,2,10,5,50.0,2.24,1.12,0.10,0.20,20.4,0,1,2,2.7,1.1,0.11,-0.7,-0.1,Matches,21a66f6a
304,Lee Kangin,MFFW,kr Korea Republic,21,2001,1.6,0,5,1,20.0,3.06,0.61,0.00,0.00,25.9,2,0,0,0.2,0.2,0.03,-0.2,-0.2,Matches,8455ad90
305,Mohamed Kanno,MFFW,sa Saudi Arabia,27,1994,3.0,0,6,1,16.7,2.00,0.33,0.00,0.00,20.3,1,0,0,0.3,0.3,0.05,-0.3,-0.3,Matches,74ccf212
306,Fran Karačić,DF,au Australia,26,1996,1.0,0,3,0,0.0,2.90,0.00,0.00,,26.1,0,0,0,0.2,0.2,0.06,-0.2,-0.2,Matches,e2f8c69c
307,Ali Karimi,MF,ir IR Iran,28,1994,1.1,0,0,0,,0.00,0.00,,,,0,0,0,0.0,0.0,,0.0,0.0,Matches,3840bfb9
308,Mark-Anthony Kaye,MF,ca Canada,27,1994,0.7,0,1,0,0.0,1.53,0.00,0.00,,25.5,0,0,0,0.0,0.0,0.04,0.0,0.0,Matches,36a38acd
309,Wajdi Kechrida,DF,tn Tunisia,26,1995,1.2,0,0,0,,0.00,0.00,,,,0,0,0,0.0,0.0,,0.0,0.0,Matches,11962fe7
310,Thilo Kehrer,DF,de Germany,25,1996,0.8,0,0,0,,0.00,0.00,,,,0,0,0,0.0,0.0,,0.0,0.0,Matches,51dbeea9
311,Bilal El Khannous,MF,ma Morocco,18,2004,0.6,0,0,0,,0.00,0.00,,,,0,0,0,0.0,0.0,,0.0,0.0,Matches,f7042636
312,Wahbi Khazri,FWMF,tn Tunisia,31,1991,0.9,1,5,3,60.0,5.42,3.25,0.20,0.33,19.1,0,0,0,0.4,0.4,0.09,+0.6,+0.6,Matches,2677a1de
313,Musab Kheder,DF,qa Qatar,28,1993,0.1,0,0,0,,0.00,0.00,,,,0,0,0,0.0,0.0,,0.0,0.0,Matches,d9261523
314,Boualem Khoukhi,DF,qa Qatar,31,1990,3.0,0,0,0,,0.00,0.00,,,,0,0,0,0.0,0.0,,0.0,0.0,Matches,7be5ad52
315,Joshua Kimmich,MFDF,de Germany,27,1995,3.0,0,7,4,57.1,2.33,1.33,0.00,0.00,25.9,1,0,0,0.4,0.4,0.05,-0.4,-0.4,Matches,49296448
316,Jakub Kiwior,DF,pl Poland,22,2000,3.9,0,1,0,0.0,0.25,0.00,0.00,,10.5,0,0,0,0.0,0.0,0.03,0.0,0.0,Matches,dc3e663e
317,Simon Kjær,DF,dk Denmark,33,1989,0.7,0,0,0,,0.00,0.00,,,,0,0,0,0.0,0.0,,0.0,0.0,Matches,8b8a56ce
318,Davy Klaassen,MFFW,nl Netherlands,29,1993,2.1,1,2,1,50.0,0.95,0.47,0.50,1.00,9.9,0,0,0,0.2,0.2,0.12,+0.8,+0.8,Matches,15fd5593
319,Lukas Klostermann,DF,de Germany,26,1996,0.7,0,0,0,,0.00,0.00,,,,0,0,0,0.0,0.0,,0.0,0.0,Matches,ca8033cb
320,Gregor Kobel,GK,ch Switzerland,24,1997,1.0,0,0,0,,0.00,0.00,,,,0,0,0,0.0,0.0,,0.0,0.0,Matches,cd59b9df
321,Koke,MF,es Spain,30,1992,0.6,0,0,0,,0.00,0.00,,,,0,0,0,0.0,0.0,,0.0,0.0,Matches,55126f3b
322,Randal Kolo Muani,FW,fr France,23,1998,2.0,1,4,2,50.0,1.98,0.99,0.25,0.50,13.2,0,0,0,1.1,1.1,0.28,-0.1,-0.1,Matches,c0b3669f
323,Ibrahima Konaté,DF,fr France,23,1999,3.3,0,2,1,50.0,0.61,0.31,0.00,0.00,7.7,0,0,0,0.4,0.4,0.18,-0.4,-0.4,Matches,5ed9b537
324,Ismaël Koné,MFDF,ca Canada,20,2002,1.2,0,0,0,,0.00,0.00,,,,0,0,0,0.0,0.0,,0.0,0.0,Matches,e0220b70
325,Teun Koopmeiners,MF,nl Netherlands,24,1998,2.4,0,2,1,50.0,0.82,0.41,0.00,0.00,27.6,0,0,0,0.1,0.1,0.04,-0.1,-0.1,Matches,a26fb8aa
326,Filip Kostić,DF,rs Serbia,29,1992,2.0,0,1,0,0.0,0.50,0.00,0.00,,18.3,0,0,0,0.0,0.0,0.02,0.0,0.0,Matches,b1cd37e6
327,Kalidou Koulibaly,DF,sn Senegal,30,1991,4.0,1,2,1,50.0,0.50,0.25,0.50,1.00,7.9,0,0,0,0.5,0.5,0.25,+0.5,+0.5,Matches,da974c7b
328,Jules Koundé,DF,fr France,23,1998,5.3,0,4,1,25.0,0.75,0.19,0.00,0.00,19.9,0,0,0,0.2,0.2,0.05,-0.2,-0.2,Matches,4d1666ff
329,Cheikhou Kouyaté,MF,sn Senegal,32,1989,0.8,0,0,0,,0.00,0.00,,,,0,0,0,0.0,0.0,,0.0,0.0,Matches,8d3c902d
330,Mateo Kovačić,MF,hr Croatia,28,1994,7.1,0,3,1,33.3,0.43,0.14,0.00,0.00,17.0,0,0,0,0.3,0.3,0.11,-0.3,-0.3,Matches,79c0821a
331,Andrej Kramarić,FWMF,hr Croatia,30,1991,5.3,2,10,4,40.0,1.90,0.76,0.20,0.50,15.1,0,0,0,1.6,1.6,0.16,+0.4,+0.4,Matches,603cb947
332,Grzegorz Krychowiak,MF,pl Poland,32,1990,3.7,0,1,0,0.0,0.27,0.00,0.00,,29.9,0,0,0,0.0,0.0,0.02,0.0,0.0,Matches,580d52dd
333,Takefusa Kubo,FW,jp Japan,21,2001,1.0,0,0,0,,0.00,0.00,,,,0,0,0,0.0,0.0,,0.0,0.0,Matches,16aa3654
334,Pierre Kunde,MF,cm Cameroon,26,1995,1.5,0,5,2,40.0,3.44,1.37,0.00,0.00,22.1,0,0,0,0.2,0.2,0.05,-0.2,-0.2,Matches,9ceb7642
335,Garang Kuol,FWMF,au Australia,17,2004,0.4,0,1,1,100.0,2.43,2.43,0.00,0.00,9.6,0,0,0,0.4,0.4,0.38,-0.4,-0.4,Matches,a8a80be7
336,Daniel Kyereh,MFDF,gh Ghana,26,1996,0.4,0,0,0,,0.00,0.00,,,,0,0,0,0.0,0.0,,0.0,0.0,Matches,2770726a
337,Kwon Kyung-won,DF,kr Korea Republic,30,1992,1.0,0,1,0,0.0,0.99,0.00,0.00,,33.8,0,0,0,0.0,0.0,0.02,0.0,0.0,Matches,ad1516af
338,Aïssa Laïdouni,MF,tn Tunisia,25,1996,2.7,0,2,0,0.0,0.74,0.00,0.00,,9.8,0,0,0,0.1,0.1,0.07,-0.1,-0.1,Matches,22798128
339,Tariq Lamptey,DF,gh Ghana,21,2000,1.1,0,1,0,0.0,0.88,0.00,0.00,,15.8,0,0,0,0.1,0.1,0.06,-0.1,-0.1,Matches,f4e433d4
340,Noa Lang,MF,nl Netherlands,22,1999,0.1,0,0,0,,0.00,0.00,,,,0,0,0,0.0,0.0,,0.0,0.0,Matches,8e034340
341,Aymeric Laporte,DF,es Spain,28,1994,3.3,0,1,0,0.0,0.30,0.00,0.00,,13.6,0,0,0,0.0,0.0,0.03,0.0,0.0,Matches,119b9a8e
342,Cyle Larin,FW,ca Canada,27,1995,1.5,0,3,1,33.3,1.97,0.66,0.00,0.00,11.3,0,0,0,0.2,0.2,0.08,-0.2,-0.2,Matches,e7af9060
343,Richie Laryea,DFMF,ca Canada,27,1995,1.8,0,2,0,0.0,1.13,0.00,0.00,,17.8,0,0,0,0.1,0.1,0.03,-0.1,-0.1,Matches,276fdbe4
344,Darko Lazović,DF,rs Serbia,31,1990,0.3,0,1,0,0.0,3.60,0.00,0.00,,27.3,0,0,0,0.0,0.0,0.01,0.0,0.0,Matches,5128bde4
345,Rafael Leão,FW,pt Portugal,23,1999,1.0,2,5,2,40.0,5.11,2.05,0.40,1.00,21.2,0,0,0,0.4,0.4,0.08,+1.6,+1.6,Matches,20730eae
346,Mathew Leckie,MFFW,au Australia,31,1991,3.7,1,1,1,100.0,0.27,0.27,1.00,1.00,13.6,0,0,0,0.1,0.1,0.15,+0.9,+0.9,Matches,b93b7882
347,Robert Lewandowski,FW,pl Poland,33,1988,4.0,2,10,2,20.0,2.50,0.50,0.10,0.50,18.1,1,1,2,2.9,1.4,0.14,-0.9,-0.4,Matches,8d78e732
348,Matthijs de Ligt,DF,nl Netherlands,22,1999,1.0,0,0,0,,0.00,0.00,,,,0,0,0,0.0,0.0,,0.0,0.0,Matches,d6e53a3a
349,Jesper Lindstrøm,MFFW,dk Denmark,22,2000,2.2,0,3,1,33.3,1.35,0.45,0.00,0.00,16.2,0,0,0,0.3,0.3,0.10,-0.3,-0.3,Matches,37dc1a48
350,Marko Livaja,FW,hr Croatia,28,1993,2.7,1,6,4,66.7,2.24,1.49,0.17,0.25,15.1,0,0,0,0.8,0.8,0.13,+0.2,+0.2,Matches,6e5497ca
351,Dominik Livaković,GK,hr Croatia,27,1995,7.7,0,0,0,,0.00,0.00,,,,0,0,0,0.0,0.0,,0.0,0.0,Matches,58f077c0
352,Marcos Llorente,DF,es Spain,27,1995,1.3,0,1,0,0.0,0.75,0.00,0.00,,22.4,0,0,0,0.0,0.0,0.02,0.0,0.0,Matches,02c15616
353,Hugo Lloris,GK,fr France,35,1986,6.3,0,0,0,,0.00,0.00,,,,0,0,0,0.0,0.0,,0.0,0.0,Matches,8f62b6ee
354,Dejan Lovren,DF,hr Croatia,32,1989,6.7,0,4,0,0.0,0.60,0.00,0.00,,14.8,0,0,0,0.3,0.3,0.06,-0.3,-0.3,Matches,1a2935f6
355,Hirving Lozano,FW,mx Mexico,26,1995,2.8,0,6,3,50.0,2.14,1.07,0.00,0.00,26.0,1,0,0,0.2,0.2,0.03,-0.2,-0.2,Matches,a69e4806
356,Romelu Lukaku,FW,be Belgium,29,1993,0.6,0,5,2,40.0,8.18,3.27,0.00,0.00,6.6,0,0,0,1.7,1.7,0.35,-1.7,-1.7,Matches,5eae500a
357,Saša Lukić,MF,rs Serbia,25,1996,2.7,0,1,0,0.0,0.37,0.00,0.00,,16.1,0,0,0,0.1,0.1,0.06,-0.1,-0.1,Matches,c6e8cf1f
358,Ali Maâloul,DF,tn Tunisia,32,1990,1.0,0,0,0,,0.00,0.00,,,,0,0,0,0.0,0.0,,0.0,0.0,Matches,c69ff23a
359,Awer Mabil,MF,au Australia,26,1995,0.3,0,0,0,,0.00,0.00,,,,0,0,0,0.0,0.0,,0.0,0.0,Matches,922da988
360,Alexis Mac Allister,MF,ar Argentina,23,1998,6.1,1,7,4,57.1,1.15,0.65,0.14,0.25,19.0,0,0,0,0.7,0.7,0.10,+0.3,+0.3,Matches,83d074ff
361,Jamie Maclaren,FW,au Australia,28,1993,0.6,0,0,0,,0.00,0.00,,,,0,0,0,0.0,0.0,,0.0,0.0,Matches,2a8ba67e
362,Assim Madibo,MF,qa Qatar,25,1996,1.7,0,0,0,,0.00,0.00,,,,0,0,0,0.0,0.0,,0.0,0.0,Matches,2b1d2ada
363,Abdullah Madu,DFMF,sa Saudi Arabia,28,1993,0.5,0,0,0,,0.00,0.00,,,,0,0,0,0.0,0.0,,0.0,0.0,Matches,9c3523a4
364,Daizen Maeda,FW,jp Japan,24,1997,2.0,1,2,1,50.0,1.00,0.50,0.50,1.00,9.5,0,0,0,0.5,0.5,0.24,+0.5,+0.5,Matches,395451fc
365,Harry Maguire,DF,eng England,29,1993,4.8,0,6,1,16.7,1.26,0.21,0.00,0.00,10.0,0,0,0,0.4,0.4,0.06,-0.4,-0.4,Matches,d8931174
366,Lovro Majer,MFFW,hr Croatia,24,1998,1.4,1,4,2,50.0,2.77,1.38,0.25,0.50,23.2,0,0,0,0.7,0.7,0.18,+0.3,+0.3,Matches,fc46aab1
367,Nemanja Maksimović,MF,rs Serbia,27,1995,1.4,0,0,0,,0.00,0.00,,,,0,0,0,0.0,0.0,,0.0,0.0,Matches,00b28772
368,Abdulellah Al-Malki,MF,sa Saudi Arabia,27,1994,1.9,0,2,0,0.0,1.03,0.00,0.00,,21.1,0,0,0,0.1,0.1,0.06,-0.1,-0.1,Matches,3bcd2730
369,Steve Mandanda,GK,fr France,37,1985,1.0,0,0,0,,0.00,0.00,,,,0,0,0,0.0,0.0,,0.0,0.0,Matches,1d2d5cc8
370,José María Giménez,DF,uy Uruguay,27,1995,3.0,0,3,0,0.0,1.00,0.00,0.00,,13.2,0,0,0,0.2,0.2,0.06,-0.2,-0.2,Matches,f0da930c
371,João Mário,FWMF,pt Portugal,29,1993,0.9,0,0,0,,0.00,0.00,,,,0,0,0,0.0,0.0,,0.0,0.0,Matches,f0021247
372,Marquinhos,DF,br Brazil,28,1994,4.7,0,2,0,0.0,0.42,0.00,0.00,,10.4,0,0,0,0.2,0.2,0.08,-0.2,-0.2,Matches,d5f2f82b
373,Henry Martín,FW,mx Mexico,29,1992,1.6,1,4,2,50.0,2.47,1.23,0.25,0.50,9.9,0,0,0,0.9,0.9,0.23,+0.1,+0.1,Matches,b585c991
374,Martinelli,FW,br Brazil,20,2001,1.3,0,4,3,75.0,3.19,2.39,0.00,0.00,13.2,0,0,0,0.5,0.5,0.13,-0.5,-0.5,Matches,48a5a5d6
375,Carlos Martínez,DF,cr Costa Rica,23,1999,0.5,0,0,0,,0.00,0.00,,,,0,0,0,0.0,0.0,,0.0,0.0,Matches,9acb9d76
376,Emiliano Martínez,GK,ar Argentina,29,1992,7.7,0,0,0,,0.00,0.00,,,,0,0,0,0.0,0.0,,0.0,0.0,Matches,7956236f
377,Lautaro Martínez,FW,ar Argentina,24,1997,2.7,0,14,4,28.6,5.23,1.49,0.00,0.00,12.6,0,0,0,1.9,1.9,0.13,-1.9,-1.9,Matches,f7036e1c
378,Lisandro Martínez,DF,ar Argentina,24,1998,3.4,0,1,0,0.0,0.30,0.00,0.00,,10.1,0,0,0,0.1,0.1,0.12,-0.1,-0.1,Matches,bac46a10
379,Pape Matar Sarr,MF,sn Senegal,19,2002,0.7,0,4,0,0.0,6.10,0.00,0.00,,30.8,1,0,0,0.1,0.1,0.03,-0.1,-0.1,Matches,feb5d972
380,Rónald Matarrita,DFMF,cr Costa Rica,27,1994,0.3,0,0,0,,0.00,0.00,,,,0,0,0,0.0,0.0,,0.0,0.0,Matches,491862dd
381,Eric Maxim Choupo-Moting,FWMF,cm Cameroon,33,1989,2.8,1,3,2,66.7,1.07,0.71,0.33,0.50,9.1,0,0,0,0.8,0.8,0.28,+0.2,+0.2,Matches,0e6bc38c
382,Noussair Mazraoui,DF,ma Morocco,24,1997,4.1,0,4,2,50.0,0.99,0.49,0.00,0.00,24.4,0,0,0,0.2,0.2,0.04,-0.2,-0.2,Matches,b74277a0
383,Kylian Mbappé,FW,fr France,23,1998,6.6,8,29,11,37.9,4.36,1.66,0.21,0.55,17.1,1,2,2,5.2,3.6,0.13,+2.8,+2.4,Matches,42fd9c7f
384,Bryan Mbeumo,FWMF,cm Cameroon,22,1999,2.6,0,2,2,100.0,0.77,0.77,0.00,0.00,11.3,0,0,0,0.2,0.2,0.10,-0.2,-0.2,Matches,6afaebf2
385,Riley McGree,FWMF,au Australia,23,1998,2.9,0,3,1,33.3,1.02,0.34,0.00,0.00,26.2,0,0,0,0.1,0.1,0.05,-0.1,-0.1,Matches,59d61727
386,Weston McKennie,MF,us United States,23,1998,3.0,0,5,1,20.0,1.66,0.33,0.00,0.00,15.5,0,0,0,0.4,0.4,0.08,-0.4,-0.4,Matches,01c3aff5
387,Hannibal Mejbri,MF,tn Tunisia,19,2003,0.1,0,0,0,,0.00,0.00,,,,0,0,0,0.0,0.0,,0.0,0.0,Matches,ca22ccb0
388,Memphis,FW,nl Netherlands,28,1994,3.3,1,10,5,50.0,3.03,1.52,0.10,0.20,15.0,0,0,0,1.5,1.5,0.15,-0.5,-0.5,Matches,8f696594
389,Nuno Mendes,DF,pt Portugal,19,2002,0.5,0,0,0,,0.00,0.00,,,,0,0,0,0.0,0.0,,0.0,0.0,Matches,f20e4cc9
390,Jhegson Méndez,MF,ec Ecuador,25,1997,2.0,0,0,0,,0.00,0.00,,,,0,0,0,0.0,0.0,,0.0,0.0,Matches,db0c5324
391,Edouard Mendy,GK,sn Senegal,30,1992,4.0,0,0,0,,0.00,0.00,,,,0,0,0,0.0,0.0,,0.0,0.0,Matches,33887998
392,Nampalys Mendy,MF,sn Senegal,29,1992,3.0,0,2,0,0.0,0.66,0.00,0.00,,22.6,0,0,0,0.1,0.1,0.03,-0.1,-0.1,Matches,1598599e
393,Gideon Mensah,DF,gh Ghana,23,1998,1.0,0,0,0,,0.00,0.00,,,,0,0,0,0.0,0.0,,0.0,0.0,Matches,9bdd8118
394,Chris Mepham,DF,wls Wales,24,1997,3.0,0,0,0,,0.00,0.00,,,,0,0,0,0.0,0.0,,0.0,0.0,Matches,fed96827
395,Yassine Meriah,DF,tn Tunisia,28,1993,3.0,0,1,0,0.0,0.33,0.00,0.00,,9.3,0,0,0,0.1,0.1,0.07,-0.1,-0.1,Matches,3640af28
396,Dries Mertens,MFFW,be Belgium,35,1987,0.8,0,3,1,33.3,3.55,1.18,0.00,0.00,14.7,0,0,0,0.8,0.8,0.27,-0.8,-0.8,Matches,89b2c8a9
397,Lionel Messi,FW,ar Argentina,34,1987,7.7,7,27,13,48.1,3.52,1.70,0.11,0.23,20.9,3,4,5,6.6,2.7,0.10,+0.4,+0.3,Matches,d70ce98e
398,Thomas Meunier,DF,be Belgium,30,1991,2.3,0,3,1,33.3,1.28,0.43,0.00,0.00,19.6,0,0,0,0.2,0.2,0.07,-0.2,-0.2,Matches,e162b013
399,Nikola Milenković,DF,rs Serbia,24,1997,3.0,0,3,0,0.0,1.00,0.00,0.00,,14.7,0,0,0,0.2,0.2,0.06,-0.2,-0.2,Matches,bee704fc
400,Arkadiusz Milik,FWMF,pl Poland,28,1994,1.1,0,1,0,0.0,0.89,0.00,0.00,,9.0,0,0,0,0.2,0.2,0.25,-0.2,-0.2,Matches,85613cf0
401,Sergej Milinković-Savić,MF,rs Serbia,27,1995,2.6,1,3,1,33.3,1.16,0.39,0.33,1.00,23.9,0,0,0,0.2,0.2,0.06,+0.8,+0.8,Matches,4e6dbac4
402,Vanja Milinković-Savić,GK,rs Serbia,25,1997,3.0,0,0,0,,0.00,0.00,,,,0,0,0,0.0,0.0,,0.0,0.0,Matches,9fa26bc2
403,Éder Militão,DF,br Brazil,24,1998,3.9,0,5,1,20.0,1.30,0.26,0.00,0.00,20.2,0,0,0,0.2,0.2,0.04,-0.2,-0.2,Matches,2784f898
404,Liam Millar,DF,ca Canada,22,1999,0.1,0,0,0,,0.00,0.00,,,,0,0,0,0.0,0.0,,0.0,0.0,Matches,983515f8
405,Kamal Miller,DF,ca Canada,25,1997,3.0,0,0,0,,0.00,0.00,,,,0,0,0,0.0,0.0,,0.0,0.0,Matches,0646bd8a
406,Kim Min-jae,DF,kr Korea Republic,25,1996,3.0,0,2,0,0.0,0.67,0.00,0.00,,8.2,0,0,0,0.1,0.1,0.05,-0.1,-0.1,Matches,e0f8151c
407,Takumi Minamino,FW,jp Japan,27,1995,0.7,0,2,1,50.0,3.00,1.50,0.00,0.00,15.1,0,0,0,0.1,0.1,0.06,-0.1,-0.1,Matches,f833a830
408,Kaoru Mitoma,MF,jp Japan,25,1997,1.8,0,1,1,100.0,0.55,0.55,0.00,0.00,21.5,0,0,0,0.1,0.1,0.08,-0.1,-0.1,Matches,74618572
409,Aleksandar Mitrović,FW,rs Serbia,27,1994,2.9,2,10,3,30.0,3.44,1.03,0.20,0.67,14.1,0,0,0,1.6,1.6,0.16,+0.4,+0.4,Matches,3925dbd6
410,Stefan Mitrović,DF,rs Serbia,32,1990,0.4,0,0,0,,0.00,0.00,,,,0,0,0,0.0,0.0,,0.0,0.0,Matches,e6777e6b
411,Filip Mladenović,DF,rs Serbia,30,1991,0.7,0,1,0,0.0,1.38,0.00,0.00,,10.7,0,0,0,0.0,0.0,0.02,0.0,0.0,Matches,a3eabee0
412,Luka Modrić,MF,hr Croatia,36,1985,7.3,0,6,4,66.7,0.83,0.55,0.00,0.00,21.1,0,0,0,0.4,0.4,0.06,-0.4,-0.4,Matches,6025fab1
413,Ismail Mohamad,FW,qa Qatar,32,1990,1.9,0,2,2,100.0,1.03,1.03,0.00,0.00,,,0,0,,,,,,Matches,b554011a
414,Milad Mohammadi,DF,ir IR Iran,28,1993,2.2,0,0,0,,0.00,0.00,,,,0,0,0,0.0,0.0,,0.0,0.0,Matches,740a0e28
415,Kudus Mohammed,FWMF,gh Ghana,21,2000,2.7,2,8,4,50.0,2.91,1.46,0.25,0.50,21.8,0,0,0,0.8,0.8,0.10,+1.2,+1.2,Matches,b62878a5
416,Sadegh Moharrami,DF,ir IR Iran,26,1996,1.0,0,0,0,,0.00,0.00,,,,0,0,0,0.0,0.0,,0.0,0.0,Matches,25b74470
417,Nahuel Molina,DF,ar Argentina,24,1998,6.3,1,2,1,50.0,0.32,0.16,0.50,1.00,16.2,0,0,0,0.5,0.5,0.23,+0.5,+0.5,Matches,23610943
418,César Montes,DF,mx Mexico,25,1997,3.0,0,1,0,0.0,0.33,0.00,0.00,,13.0,0,0,0,0.2,0.2,0.18,-0.2,-0.2,Matches,28e957d7
419,Gonzalo Montiel,DFMF,ar Argentina,25,1997,1.3,0,1,0,0.0,0.76,0.00,0.00,,27.3,0,0,0,0.0,0.0,0.02,0.0,0.0,Matches,374d5158
420,Kim Moonhwan,DF,kr Korea Republic,26,1995,4.0,0,0,0,,0.00,0.00,,,,0,0,0,0.0,0.0,,0.0,0.0,Matches,6bce7dd8
421,Kieffer Moore,FW,wls Wales,29,1992,2.5,0,6,2,33.3,2.40,0.80,0.00,0.00,16.2,0,0,0,1.0,1.0,0.17,-1.0,-1.0,Matches,01ce9e70
422,Shaquell Moore,DF,us United States,25,1996,0.2,0,0,0,,0.00,0.00,,,,0,0,0,0.0,0.0,,0.0,0.0,Matches,3b9f859b
423,Aaron Mooy,MF,au Australia,31,1990,4.0,0,1,0,0.0,0.25,0.00,0.00,,29.1,0,0,0,0.0,0.0,0.05,0.0,0.0,Matches,47b7e3af
424,Álvaro Morata,FW,es Spain,29,1992,2.1,3,8,5,62.5,3.89,2.43,0.38,0.60,10.3,0,0,0,1.4,1.4,0.17,+1.6,+1.6,Matches,129af0db
425,Héctor Moreno,DF,mx Mexico,34,1988,3.0,0,1,0,0.0,0.33,0.00,0.00,,5.8,0,0,0,0.2,0.2,0.18,-0.2,-0.2,Matches,5d311e8d
426,Hidemasa Morita,MF,jp Japan,27,1995,3.2,0,3,1,33.3,0.95,0.32,0.00,0.00,22.9,0,0,0,0.2,0.2,0.05,-0.2,-0.2,Matches,a650c75b
427,Joe Morrell,MF,wls Wales,25,1997,0.4,0,0,0,,0.00,0.00,,,,0,0,0,0.0,0.0,,0.0,0.0,Matches,3b935a91
428,Jordan Morris,FWDF,us United States,27,1994,0.0,0,0,0,,0.00,0.00,,,,0,0,0,0.0,0.0,,0.0,0.0,Matches,bd298d0d
429,Youssoufa Moukoko,FW,de Germany,17,2004,0.0,0,0,0,,0.00,0.00,,,,0,0,0,0.0,0.0,,0.0,0.0,Matches,6ce43701
430,Mason Mount,MF,eng England,23,1999,2.1,0,4,1,25.0,1.94,0.48,0.00,0.00,23.0,0,0,0,0.2,0.2,0.05,-0.2,-0.2,Matches,9674002f
431,Youssef Msakni,MFFW,tn Tunisia,31,1990,1.9,0,9,2,22.2,4.79,1.07,0.00,0.00,16.0,0,0,0,0.5,0.5,0.06,-0.5,-0.5,Matches,0083e371
432,Thomas Müller,FWMF,de Germany,32,1989,2.2,0,3,0,0.0,1.34,0.00,0.00,,11.3,0,0,0,0.3,0.3,0.10,-0.3,-0.3,Matches,3c6089ab
433,Munir,GK,ma Morocco,33,1989,1.0,0,0,0,,0.00,0.00,,,,0,0,0,0.0,0.0,,0.0,0.0,Matches,fc8287db
434,Mohammed Muntari,FWMF,qa Qatar,28,1993,0.7,1,3,1,33.3,4.29,1.43,0.33,1.00,13.7,0,0,0,0.2,0.2,0.07,+0.8,+0.8,Matches,da38f46e
435,Yunus Musah,MF,us United States,19,2002,3.8,0,4,1,25.0,1.05,0.26,0.00,0.00,22.9,1,0,0,0.3,0.3,0.08,-0.3,-0.3,Matches,b51b1b9c
436,Jamal Musiala,MFFW,de Germany,19,2003,2.9,0,12,3,25.0,4.19,1.05,0.00,0.00,14.5,0,0,0,1.9,1.9,0.16,-1.9,-1.9,Matches,2c0558b8
437,Joakim Mæhle,DF,dk Denmark,25,1997,2.8,0,2,0,0.0,0.72,0.00,0.00,,28.9,0,0,0,0.0,0.0,0.02,0.0,0.0,Matches,c459a650
438,Georges-Kévin N'Koudou,FWMF,cm Cameroon,27,1995,0.3,0,1,1,100.0,3.33,3.33,0.00,0.00,26.6,1,0,0,0.0,0.0,0.04,0.0,0.0,Matches,76c131da
439,Yuto Nagatomo,MFDF,jp Japan,35,1986,2.3,0,0,0,,0.00,0.00,,,,0,0,0,0.0,0.0,,0.0,0.0,Matches,4b6960d2
440,Sami Al-Najei,MF,sa Saudi Arabia,25,1997,0.5,0,0,0,,0.00,0.00,,,,0,0,0,0.0,0.0,,0.0,0.0,Matches,978e29d3
441,Keylor Navas,GK,cr Costa Rica,35,1986,3.0,0,0,0,,0.00,0.00,,,,0,0,0,0.0,0.0,,0.0,0.0,Matches,ecada4fc
442,Iliman Ndiaye,FWMF,sn Senegal,22,2000,1.5,0,2,0,0.0,1.33,0.00,0.00,,18.6,0,0,0,0.1,0.1,0.07,-0.1,-0.1,Matches,5ed97752
443,Victor Nelsson,DF,dk Denmark,23,1998,1.0,0,0,0,,0.00,0.00,,,,0,0,0,0.0,0.0,,0.0,0.0,Matches,e53b5534
444,Manuel Neuer,GK,de Germany,36,1986,3.0,0,0,0,,0.00,0.00,,,,0,0,0,0.0,0.0,,0.0,0.0,Matches,8778c910
445,Rúben Neves,MF,pt Portugal,25,1997,3.0,0,2,0,0.0,0.67,0.00,0.00,,27.0,0,0,0,0.1,0.1,0.04,-0.1,-0.1,Matches,44bfb6c5
446,Neymar,MF,br Brazil,30,1992,3.1,2,11,6,54.5,3.55,1.94,0.09,0.17,19.2,3,1,1,2.7,1.9,0.18,-0.7,-0.9,Matches,69384e5d
447,Moumi Ngamaleu,FWMF,cm Cameroon,27,1994,1.1,0,0,0,,0.00,0.00,,,,0,0,0,0.0,0.0,,0.0,0.0,Matches,0193a8bf
448,Jerome Ngom Mbekeli,MF,cm Cameroon,23,1998,0.1,0,0,0,,0.00,0.00,,,,0,0,0,0.0,0.0,,0.0,0.0,Matches,32bb1138
449,Rasmus Nissen,DF,dk Denmark,24,1997,2.5,0,0,0,,0.00,0.00,,,,0,0,0,0.0,0.0,,0.0,0.0,Matches,39769cff
450,Nicolas Nkoulou,DF,cm Cameroon,32,1990,2.0,0,3,1,33.3,1.50,0.50,0.00,0.00,12.2,0,0,0,0.3,0.3,0.09,-0.3,-0.3,Matches,93cf32a8
451,Andries Noppert,GK,nl Netherlands,28,1994,5.3,0,0,0,,0.00,0.00,,,,0,0,0,0.0,0.0,,0.0,0.0,Matches,2dc9d6fb
452,Ahmad Nourollahi,MF,ir IR Iran,29,1993,2.5,0,5,1,20.0,2.02,0.40,0.00,0.00,29.2,0,0,0,0.1,0.1,0.02,-0.1,-0.1,Matches,2c5273b8
453,Olivier Ntcham,MF,cm Cameroon,26,1996,0.3,0,1,1,100.0,3.60,3.60,0.00,0.00,30.0,0,0,0,0.0,0.0,0.04,0.0,0.0,Matches,6554bb97
454,Matheus Nunes,MF,pt Portugal,23,1998,0.8,0,1,0,0.0,1.23,0.00,0.00,,30.8,0,0,0,0.0,0.0,0.02,0.0,0.0,Matches,e6af02e0
455,Darwin Núñez,FW,uy Uruguay,22,1999,2.7,0,3,1,33.3,1.13,0.37,0.00,0.00,22.4,0,0,0,0.4,0.4,0.13,-0.4,-0.4,Matches,4d77b365
456,Christian Nørgaard,MF,dk Denmark,28,1994,0.1,0,0,0,,0.00,0.00,,,,0,0,0,0.0,0.0,,0.0,0.0,Matches,df0a4c90
457,Guillermo Ochoa,GK,mx Mexico,36,1985,3.0,0,0,0,,0.00,0.00,,,,0,0,0,0.0,0.0,,0.0,0.0,Matches,1e9bde92
458,Denis Odoi,DF,gh Ghana,34,1988,0.1,0,0,0,,0.00,0.00,,,,0,0,0,0.0,0.0,,0.0,0.0,Matches,f7750aa0
459,Noah Okafor,FWMF,ch Switzerland,22,2000,0.5,0,1,0,0.0,2.00,0.00,0.00,,17.5,0,0,0,0.0,0.0,0.03,0.0,0.0,Matches,ca607d59
460,Mathías Olivera,DF,uy Uruguay,24,1997,2.8,0,2,0,0.0,0.71,0.00,0.00,,16.9,0,0,0,0.1,0.1,0.05,-0.1,-0.1,Matches,41c12f75
461,Dani Olmo,FW,es Spain,24,1998,4.1,1,12,6,50.0,2.94,1.47,0.08,0.17,21.4,0,0,0,1.4,1.4,0.12,-0.4,-0.4,Matches,ae44e8e2
462,Amadou Onana,MF,be Belgium,20,2001,1.2,0,2,0,0.0,1.73,0.00,0.00,,8.3,0,0,0,0.5,0.5,0.23,-0.5,-0.5,Matches,828657ff
463,André Onana,GK,cm Cameroon,26,1996,0.9,0,0,0,,0.00,0.00,,,,0,0,0,0.0,0.0,,0.0,0.0,Matches,e9c0c1b2
464,Gaël Ondoua,MF,cm Cameroon,26,1995,0.5,0,0,0,,0.00,0.00,,,,0,0,0,0.0,0.0,,0.0,0.0,Matches,7c41b738
465,Loïs Openda,FW,be Belgium,22,2000,0.1,0,0,0,,0.00,0.00,,,,0,0,0,0.0,0.0,,0.0,0.0,Matches,8652a85c
466,Mislav Oršić,FW,hr Croatia,29,1992,1.8,1,9,2,22.2,5.00,1.11,0.11,0.50,22.5,0,0,0,0.4,0.4,0.04,+0.6,+0.6,Matches,ee950928
467,Jonathan Osorio,MFFW,ca Canada,30,1992,1.3,0,1,0,0.0,0.76,0.00,0.00,,23.7,0,0,0,0.1,0.1,0.06,-0.1,-0.1,Matches,70106ff6
468,Nicolás Otamendi,DF,ar Argentina,34,1988,7.7,0,1,0,0.0,0.13,0.00,0.00,,12.3,0,0,0,0.0,0.0,0.03,0.0,0.0,Matches,0d267745
469,Otávio,MF,pt Portugal,27,1995,2.2,0,3,2,66.7,1.38,0.92,0.00,0.00,23.2,0,0,0,0.1,0.1,0.04,-0.1,-0.1,Matches,28b1f3ce
470,Samuel Oum Gouet,MF,cm Cameroon,24,1997,1.1,0,0,0,,0.00,0.00,,,,0,0,0,0.0,0.0,,0.0,0.0,Matches,b82359be
471,Azzedine Ounahi,MF,ma Morocco,22,2000,6.3,0,6,1,16.7,0.95,0.16,0.00,0.00,23.7,0,0,0,0.3,0.3,0.05,-0.3,-0.3,Matches,83299cc0
472,Bryan Oviedo,DF,cr Costa Rica,32,1990,2.9,0,0,0,,0.00,0.00,,,,0,0,0,0.0,0.0,,0.0,0.0,Matches,31faf295
473,Mohammed Al-Owais,GK,sa Saudi Arabia,30,1991,3.0,0,0,0,,0.00,0.00,,,,0,0,0,0.0,0.0,,0.0,0.0,Matches,f2c060c6
474,Juan Pablo Vargas,DF,cr Costa Rica,27,1995,1.0,1,2,2,100.0,2.00,2.00,0.50,0.50,3.9,0,0,0,0.5,0.5,0.27,+0.5,+0.5,Matches,e22564a0
475,Exequiel Palacios,MFDF,ar Argentina,23,1998,0.6,0,1,0,0.0,1.80,0.00,0.00,,16.3,0,0,0,0.1,0.1,0.07,-0.1,-0.1,Matches,e82adcab
476,João Palhinha,MF,pt Portugal,26,1995,0.4,0,1,0,0.0,2.37,0.00,0.00,,33.2,0,0,0,0.0,0.0,0.03,0.0,0.0,Matches,a78ff07f
477,Lucas Paquetá,MF,br Brazil,24,1997,3.5,1,4,4,100.0,1.15,1.15,0.25,0.25,11.7,0,0,0,0.8,0.8,0.21,+0.2,+0.2,Matches,9b6f7fd5
478,Leandro Paredes,MF,ar Argentina,27,1994,2.5,0,1,1,100.0,0.40,0.40,0.00,0.00,30.6,0,0,0,0.0,0.0,0.03,0.0,0.0,Matches,dff153a4
479,Thomas Partey,MF,gh Ghana,29,1993,3.0,0,2,0,0.0,0.67,0.00,0.00,,16.8,0,0,0,0.2,0.2,0.10,-0.2,-0.2,Matches,529f49ab
480,Mario Pašalić,FWMF,hr Croatia,27,1995,3.0,0,3,0,0.0,1.00,0.00,0.00,,7.8,0,0,0,0.3,0.3,0.09,-0.3,-0.3,Matches,e599253a
481,Benjamin Pavard,DF,fr France,26,1996,1.0,0,0,0,,0.00,0.00,,,,0,0,0,0.0,0.0,,0.0,0.0,Matches,45a03961
482,Strahinja Pavlović,DF,rs Serbia,21,2001,2.6,1,2,1,50.0,0.77,0.38,0.50,1.00,10.0,0,0,0,0.2,0.2,0.08,+0.8,+0.8,Matches,25146df0
483,Pedri,MF,es Spain,19,2002,4.0,0,0,0,,0.00,0.00,,,,0,0,0,0.0,0.0,,0.0,0.0,Matches,0d9b2d31
484,Pedro,FW,br Brazil,24,1997,0.7,0,4,1,25.0,5.63,1.41,0.00,0.00,12.9,0,0,0,0.5,0.5,0.13,-0.5,-0.5,Matches,1ab6fad3
485,Facundo Pellistri,MFFW,uy Uruguay,20,2001,2.0,0,1,0,0.0,0.50,0.00,0.00,,11.5,0,0,0,0.2,0.2,0.17,-0.2,-0.2,Matches,ac7e7b1c
486,Pepe,DF,pt Portugal,39,1983,4.0,1,3,1,33.3,0.75,0.25,0.33,1.00,7.3,0,0,0,0.4,0.4,0.15,+0.6,+0.6,Matches,c906ce0f
487,Danilo Pereira,DF,pt Portugal,30,1991,1.0,0,0,0,,0.00,0.00,,,,0,0,0,0.0,0.0,,0.0,0.0,Matches,8fd9996f
488,Ivan Perišić,FWDF,hr Croatia,33,1989,7.4,1,16,4,25.0,2.15,0.54,0.06,0.25,20.0,1,0,0,0.9,0.9,0.06,+0.1,+0.1,Matches,6fe90922
489,Bruno Petković,FW,hr Croatia,27,1994,2.6,1,1,1,100.0,0.38,0.38,1.00,1.00,16.2,0,0,0,0.1,0.1,0.12,+0.9,+0.9,Matches,24228180
490,Germán Pezzella,DF,ar Argentina,30,1991,0.7,0,1,0,0.0,1.50,0.00,0.00,,10.0,0,0,0,0.1,0.1,0.07,-0.1,-0.1,Matches,8c725b43
491,Kalvin Phillips,MF,eng England,26,1995,0.5,0,0,0,,0.00,0.00,,,,0,0,0,0.0,0.0,,0.0,0.0,Matches,4f565d77
492,Krzysztof Piątek,FW,pl Poland,26,1995,0.3,0,1,0,0.0,3.21,0.00,0.00,,15.6,0,0,0,0.0,0.0,0.03,0.0,0.0,Matches,17f3620a
493,Jordan Pickford,GK,eng England,28,1994,5.0,0,0,0,,0.00,0.00,,,,0,0,0,0.0,0.0,,0.0,0.0,Matches,4806ec67
494,Orbelín Pineda,MF,mx Mexico,26,1996,0.8,0,4,1,25.0,4.74,1.18,0.00,0.00,15.1,0,0,0,0.3,0.3,0.08,-0.3,-0.3,Matches,411fabd7
495,Gonzalo Plata,MFFW,ec Ecuador,21,2000,3.0,0,2,1,50.0,0.67,0.33,0.00,0.00,15.2,0,0,0,0.1,0.1,0.07,-0.1,-0.1,Matches,54bcdeb0
496,Jackson Porozo,DF,ec Ecuador,21,2000,1.1,0,1,0,0.0,0.94,0.00,0.00,,15.0,0,0,0,0.1,0.1,0.05,-0.1,-0.1,Matches,7d704e92
497,Morteza Pouraliganji,DF,ir IR Iran,30,1992,3.0,0,2,0,0.0,0.67,0.00,0.00,,16.8,0,0,0,0.1,0.1,0.04,-0.1,-0.1,Matches,2c2066f4
498,Ángelo Preciado,DF,ec Ecuador,24,1998,2.9,0,4,0,0.0,1.36,0.00,0.00,,26.1,0,0,0,0.1,0.1,0.02,-0.1,-0.1,Matches,eadc8e4f
499,Christian Pulisic,FWMF,us United States,23,1998,3.5,1,9,5,55.6,2.57,1.43,0.11,0.20,17.9,0,0,0,1.1,1.1,0.12,-0.1,-0.1,Matches,1bf33a9a
500,Adrien Rabiot,MF,fr France,27,1995,5.4,1,9,4,44.4,1.68,0.75,0.11,0.25,13.4,0,0,0,1.0,1.0,0.12,0.0,0.0,Matches,8794e251
501,Nemanja Radonjić,DFFW,rs Serbia,26,1996,0.7,0,2,0,0.0,3.00,0.00,0.00,,22.3,0,0,0,0.1,0.1,0.05,-0.1,-0.1,Matches,0630eb63
502,Baba Rahman,DF,gh Ghana,27,1994,2.0,0,0,0,,0.00,0.00,,,,0,0,0,0.0,0.0,,0.0,0.0,Matches,e4086af3
503,Gonçalo Ramos,FWMF,pt Portugal,20,2001,1.7,3,7,5,71.4,4.14,2.96,0.43,0.60,11.3,0,0,0,1.6,1.6,0.22,+1.4,+1.4,Matches,f63cda26
504,Aaron Ramsey,MF,wls Wales,31,1990,3.0,0,1,0,0.0,0.34,0.00,0.00,,18.0,0,0,0,0.0,0.0,0.04,0.0,0.0,Matches,ef619b0b
505,Raphinha,FW,br Brazil,25,1996,3.5,0,8,6,75.0,2.29,1.71,0.00,0.00,19.1,1,0,0,1.2,1.2,0.15,-1.2,-1.2,Matches,3423f250
506,Marcus Rashford,FW,eng England,24,1997,1.6,3,11,6,54.5,7.07,3.86,0.27,0.50,16.6,2,0,0,1.6,1.6,0.15,+1.4,+1.4,Matches,a1d5bd30
507,David Raum,DF,de Germany,24,1998,2.7,0,0,0,,0.00,0.00,,,,0,0,0,0.0,0.0,,0.0,0.0,Matches,7d450ed3
508,Bassam Al-Rawi,DF,qa Qatar,24,1997,1.0,0,0,0,,0.00,0.00,,,,0,0,0,0.0,0.0,,0.0,0.0,Matches,d59acc5e
509,Tim Ream,DF,us United States,34,1987,4.0,0,1,0,0.0,0.25,0.00,0.00,,3.7,0,0,0,0.3,0.3,0.30,-0.3,-0.3,Matches,28b40c9c
510,Djorkaeff Reasco,FW,ec Ecuador,23,1999,0.3,0,0,0,,0.00,0.00,,,,0,0,0,0.0,0.0,,0.0,0.0,Matches,5d7b7f0e
511,Gio Reyna,FW,us United States,19,2002,0.6,0,2,0,0.0,3.40,0.00,0.00,,20.9,0,0,0,0.1,0.1,0.03,-0.1,-0.1,Matches,7fa4e703
512,Ramin Rezaeian,DF,ir IR Iran,32,1990,2.0,1,2,1,50.0,1.00,0.50,0.50,1.00,18.3,0,0,0,0.3,0.3,0.13,+0.7,+0.7,Matches,c0ae3446
513,Everton Ribeiro,MF,br Brazil,33,1989,0.4,0,0,0,,0.00,0.00,,,,0,0,0,0.0,0.0,,0.0,0.0,Matches,68fb50a2
514,Declan Rice,MF,eng England,23,1999,4.6,0,0,0,,0.00,0.00,,,,0,0,0,0.0,0.0,,0.0,0.0,Matches,1c7012b8
515,Richarlison,FW,br Brazil,25,1997,3.6,3,8,4,50.0,2.23,1.11,0.38,0.75,12.1,0,0,0,2.1,2.1,0.26,+0.9,+0.9,Matches,fa031b34
516,Fabian Rieder,FW,ch Switzerland,20,2002,0.8,0,0,0,,0.00,0.00,,,,0,0,0,0.0,0.0,,0.0,0.0,Matches,c2bd8585
517,Ró-Ró,DF,qa Qatar,31,1990,2.9,0,2,0,0.0,0.69,0.00,0.00,,23.0,0,0,0,0.1,0.1,0.03,-0.1,-0.1,Matches,8735fe66
518,Connor Roberts,DF,wls Wales,26,1995,2.2,0,0,0,,0.00,0.00,,,,0,0,0,0.0,0.0,,0.0,0.0,Matches,24fae784
519,Antonee Robinson,DF,us United States,24,1997,4.0,0,0,0,,0.00,0.00,,,,0,0,0,0.0,0.0,,0.0,0.0,Matches,289601e6
520,Sergio Rochet,GK,uy Uruguay,29,1993,3.0,0,0,0,,0.00,0.00,,,,0,0,0,0.0,0.0,,0.0,0.0,Matches,81b99b9e
521,Joe Rodon,DF,wls Wales,24,1997,3.0,0,0,0,,0.00,0.00,,,,0,0,0,0.0,0.0,,0.0,0.0,Matches,8d62d31a
522,Rodri,DF,es Spain,25,1996,4.3,0,1,0,0.0,0.23,0.00,0.00,,36.2,0,0,0,0.0,0.0,0.02,0.0,0.0,Matches,6434f10d
523,Charly Rodríguez,MF,mx Mexico,25,1997,0.4,0,0,0,,0.00,0.00,,,,0,0,0,0.0,0.0,,0.0,0.0,Matches,f0acf582
524,Guido Rodríguez,MF,ar Argentina,28,1994,0.6,0,0,0,,0.00,0.00,,,,0,0,0,0.0,0.0,,0.0,0.0,Matches,34e393f2
525,Kevin Rodríguez,FW,ec Ecuador,22,2000,0.0,0,2,1,50.0,90.00,45.00,0.00,0.00,,,0,0,,,,,,Matches,189fb038
526,Ricardo Rodríguez,DF,ch Switzerland,29,1992,4.0,0,0,0,,0.00,0.00,,,,0,0,0,0.0,0.0,,0.0,0.0,Matches,7f78ad23
527,Rodrygo,MFFW,br Brazil,21,2001,2.0,0,6,2,33.3,2.98,0.99,0.00,0.00,18.7,1,0,0,0.4,0.4,0.07,-0.4,-0.4,Matches,8f5e92a6
528,Mohamed Ali Ben Romdhane,MF,tn Tunisia,22,1999,0.8,0,0,0,,0.00,0.00,,,,0,0,0,0.0,0.0,,0.0,0.0,Matches,b4db6d4d
529,Cristian Romero,DF,ar Argentina,24,1998,6.1,0,0,0,,0.00,0.00,,,,0,0,0,0.0,0.0,,0.0,0.0,Matches,a3d94a58
530,Cristiano Ronaldo,FW,pt Portugal,37,1985,3.2,1,10,2,20.0,3.10,0.62,0.00,0.00,21.0,2,1,1,1.6,0.8,0.08,-0.6,-0.8,Matches,dea698d9
531,Marten de Roon,MF,nl Netherlands,31,1991,2.0,0,0,0,,0.00,0.00,,,,0,0,0,0.0,0.0,,0.0,0.0,Matches,2a1beb34
532,Kye Rowles,DF,au Australia,23,1998,4.0,0,0,0,,0.00,0.00,,,,0,0,0,0.0,0.0,,0.0,0.0,Matches,8caf6772
533,Antonio Rüdiger,DF,de Germany,29,1993,3.0,0,6,1,16.7,2.00,0.33,0.00,0.00,17.4,0,0,0,0.8,0.8,0.13,-0.8,-0.8,Matches,18b896d6
534,Bryan Ruiz,MF,cr Costa Rica,36,1985,0.3,0,0,0,,0.00,0.00,,,,0,0,0,0.0,0.0,,0.0,0.0,Matches,fa6292e2
535,Mathew Ryan,GK,au Australia,30,1992,4.0,0,0,0,,0.00,0.00,,,,0,0,0,0.0,0.0,,0.0,0.0,Matches,4535e4bb
536,Youssouf Sabaly,DF,sn Senegal,29,1993,4.0,0,2,1,50.0,0.50,0.25,0.00,0.00,30.9,0,0,0,0.0,0.0,0.02,0.0,0.0,Matches,fbbb9269
537,Abdelhamid Sabiri,MF,ma Morocco,25,1996,2.0,0,3,0,0.0,1.49,0.00,0.00,,34.2,1,0,0,0.1,0.1,0.04,-0.1,-0.1,Matches,4830e0af
538,Romain Saïss,DF,ma Morocco,32,1990,5.2,1,1,1,100.0,0.19,0.19,1.00,1.00,0.9,0,0,0,0.8,0.8,0.79,+0.2,+0.2,Matches,9fbbcf39
539,Bukayo Saka,FW,eng England,20,2001,3.2,3,7,5,71.4,2.19,1.56,0.43,0.60,14.9,0,0,0,0.6,0.6,0.09,+2.4,+2.4,Matches,bc7dc64d
540,Hiroki Sakai,MFDF,jp Japan,32,1990,1.3,0,1,0,0.0,0.76,0.00,0.00,,5.4,0,0,0,0.5,0.5,0.53,-0.5,-0.5,Matches,d63e2912
541,Youstin Salas,DFMF,cr Costa Rica,25,1996,0.5,0,0,0,,0.00,0.00,,,,0,0,0,0.0,0.0,,0.0,0.0,Matches,055dd4d3
542,William Saliba,DF,fr France,21,2001,0.3,0,0,0,,0.00,0.00,,,,0,0,0,0.0,0.0,,0.0,0.0,Matches,972aeb2a
543,Mohammed Salisu,DF,gh Ghana,23,1999,3.0,1,2,1,50.0,0.67,0.33,0.50,1.00,9.3,0,0,0,0.8,0.8,0.38,+0.2,+0.2,Matches,0b33f6ad
544,Tarek Salman,DF,qa Qatar,24,1997,0.1,0,0,0,,0.00,0.00,,,,0,0,0,0.0,0.0,,0.0,0.0,Matches,420f4985
545,Alex Sandro,DF,br Brazil,31,1991,2.1,0,1,0,0.0,0.47,0.00,0.00,,33.5,0,0,0,0.0,0.0,0.03,0.0,0.0,Matches,0d82903c
546,Leroy Sané,FWDF,de Germany,26,1996,1.2,0,3,0,0.0,2.43,0.00,0.00,,25.4,0,0,0,0.1,0.1,0.04,-0.1,-0.1,Matches,2b114be3
547,Na Sang-ho,FW,kr Korea Republic,25,1996,1.3,0,1,1,100.0,0.76,0.76,0.00,0.00,10.6,0,0,0,0.0,0.0,0.03,0.0,0.0,Matches,6af38cdd
548,Pablo Sarabia,FW,es Spain,30,1992,0.0,0,1,0,0.0,30.00,0.00,0.00,,4.7,0,0,0,0.1,0.1,0.11,-0.1,-0.1,Matches,9744ff80
549,Josh Sargent,FW,us United States,22,2000,1.7,0,4,1,25.0,2.29,0.57,0.00,0.00,14.0,0,0,0,0.4,0.4,0.09,-0.4,-0.4,Matches,a8d4428b
550,Jeremy Sarmiento,MFFW,ec Ecuador,19,2002,0.9,0,1,1,100.0,1.06,1.06,0.00,0.00,14.5,0,0,0,0.1,0.1,0.07,-0.1,-0.1,Matches,ac0d576d
551,Ismaila Sarr,FWMF,sn Senegal,24,1998,3.8,1,10,1,10.0,2.62,0.26,0.00,0.00,16.5,0,1,1,1.7,0.9,0.09,-0.7,-0.9,Matches,bfdb33aa
552,Ferjani Sassi,MFDF,tn Tunisia,30,1992,0.5,0,1,0,0.0,1.87,0.00,0.00,,33.3,0,0,0,0.0,0.0,0.02,0.0,0.0,Matches,35bf6065
553,Fabian Schär,DF,ch Switzerland,30,1991,1.5,0,2,0,0.0,1.33,0.00,0.00,,16.7,0,0,0,0.1,0.1,0.07,-0.1,-0.1,Matches,c8aa95da
554,Nico Schlotterbeck,DF,de Germany,22,1999,1.0,0,0,0,,0.00,0.00,,,,0,0,0,0.0,0.0,,0.0,0.0,Matches,34e12499
555,Kasper Schmeichel,GK,dk Denmark,35,1986,3.0,0,0,0,,0.00,0.00,,,,0,0,0,0.0,0.0,,0.0,0.0,Matches,53af52f3
556,Haris Seferović,FW,ch Switzerland,30,1992,0.8,0,1,0,0.0,1.27,0.00,0.00,,12.8,0,0,0,0.2,0.2,0.19,-0.2,-0.2,Matches,a45eac1f
557,Alidu Seidu,DF,gh Ghana,22,2000,1.7,0,1,0,0.0,0.58,0.00,0.00,,31.9,0,0,0,0.0,0.0,0.01,0.0,0.0,Matches,cea59f02
558,Antoine Semenyo,FWMF,gh Ghana,22,2000,0.2,0,1,0,0.0,4.50,0.00,0.00,,13.5,0,0,0,0.0,0.0,0.05,0.0,0.0,Matches,efd2ec23
559,Kim Seung-gyu,GK,kr Korea Republic,31,1990,4.0,0,0,0,,0.00,0.00,,,,0,0,0,0.0,0.0,,0.0,0.0,Matches,eabaafa6
560,Paik Seung-ho,MF,kr Korea Republic,25,1997,0.3,1,1,1,100.0,3.46,3.46,1.00,1.00,30.4,0,0,0,0.0,0.0,0.04,+1.0,+1.0,Matches,1e1bea09
561,Yasser Al-Shahrani,DF,sa Saudi Arabia,30,1992,1.0,0,0,0,,0.00,0.00,,,,0,0,0,0.0,0.0,,0.0,0.0,Matches,251c164e
562,Xherdan Shaqiri,FWMF,ch Switzerland,30,1991,2.5,1,4,2,50.0,1.57,0.79,0.25,0.50,21.9,1,0,0,0.3,0.3,0.08,+0.7,+0.7,Matches,6421ec64
563,Riyadh Sharahili,MF,sa Saudi Arabia,29,1993,0.6,0,0,0,,0.00,0.00,,,,0,0,0,0.0,0.0,,0.0,0.0,Matches,3e8326a9
564,Luke Shaw,DF,eng England,26,1995,4.7,0,3,1,33.3,0.64,0.21,0.00,0.00,23.1,1,0,0,0.1,0.1,0.03,-0.1,-0.1,Matches,9c94165b
565,Saad Al Sheeb,GK,qa Qatar,32,1990,1.0,0,0,0,,0.00,0.00,,,,0,0,0,0.0,0.0,,0.0,0.0,Matches,e00ad66a
566,Saleh Al-Shehri,FW,sa Saudi Arabia,28,1993,2.5,1,2,2,100.0,0.81,0.81,0.50,0.50,21.0,0,0,0,0.1,0.1,0.04,+0.9,+0.9,Matches,f4377d0f
567,André Silva,FW,pt Portugal,26,1995,0.3,0,0,0,,0.00,0.00,,,,0,0,0,0.0,0.0,,0.0,0.0,Matches,3effaa34
568,António Silva,DF,pt Portugal,18,2003,1.0,0,0,0,,0.00,0.00,,,,0,0,0,0.0,0.0,,0.0,0.0,Matches,8f0435c7
569,Bernardo Silva,MF,pt Portugal,27,1994,4.0,0,1,0,0.0,0.25,0.00,0.00,,10.7,0,0,0,0.2,0.2,0.18,-0.2,-0.2,Matches,3eb22ec9
570,Thiago Silva,DF,br Brazil,37,1984,4.3,0,2,0,0.0,0.46,0.00,0.00,,8.0,0,0,0,0.2,0.2,0.08,-0.2,-0.2,Matches,86e7deaf
571,Unai Simón,GK,es Spain,25,1997,4.3,0,0,0,,0.00,0.00,,,,0,0,0,0.0,0.0,,0.0,0.0,Matches,5dcf3e90
572,Xavi Simons,FWMF,nl Netherlands,19,2003,0.1,0,0,0,,0.00,0.00,,,,0,0,0,0.0,0.0,,0.0,0.0,Matches,da4d670f
573,Ellyes Skhiri,MF,tn Tunisia,27,1995,3.0,0,2,0,0.0,0.67,0.00,0.00,,22.5,0,0,0,0.1,0.1,0.03,-0.1,-0.1,Matches,c2211709
574,Michał Skóraś,MF,pl Poland,22,2000,0.5,0,1,0,0.0,2.00,0.00,0.00,,22.2,0,0,0,0.0,0.0,0.02,0.0,0.0,Matches,5a80aea3
575,Andreas Skov Olsen,FWMF,dk Denmark,22,1999,1.5,0,4,1,25.0,2.73,0.68,0.00,0.00,14.6,0,0,0,0.2,0.2,0.06,-0.2,-0.2,Matches,c50cee19
576,Robert Skov,DF,dk Denmark,26,1996,0.2,0,0,0,,0.00,0.00,,,,0,0,0,0.0,0.0,,0.0,0.0,Matches,ff98492b
577,Naïm Sliti,MFFW,tn Tunisia,29,1992,1.3,0,1,0,0.0,0.79,0.00,0.00,,10.3,0,0,0,0.1,0.1,0.14,-0.1,-0.1,Matches,2e0367a6
578,Carlos Soler,MF,es Spain,25,1997,1.0,1,4,1,25.0,3.91,0.98,0.25,1.00,17.3,1,0,0,0.5,0.5,0.13,+0.5,+0.5,Matches,fed17f5a
579,Yuki Soma,FWMF,jp Japan,25,1997,0.9,0,3,0,0.0,3.33,0.00,0.00,,22.7,1,0,0,0.2,0.2,0.06,-0.2,-0.2,Matches,e997f52f
580,Yann Sommer,GK,ch Switzerland,33,1988,3.0,0,0,0,,0.00,0.00,,,,0,0,0,0.0,0.0,,0.0,0.0,Matches,420c18a1
581,Borna Sosa,DF,hr Croatia,24,1998,4.7,0,2,0,0.0,0.42,0.00,0.00,,28.4,0,0,0,0.1,0.1,0.03,-0.1,-0.1,Matches,af0d79a9
582,Harry Souttar,DF,au Australia,23,1998,4.0,0,1,0,0.0,0.25,0.00,0.00,,8.5,0,0,0,0.1,0.1,0.08,-0.1,-0.1,Matches,0a6cb1b1
583,Djibril Sow,MF,ch Switzerland,25,1997,2.9,0,2,0,0.0,0.68,0.00,0.00,,15.6,0,0,0,0.2,0.2,0.08,-0.2,-0.2,Matches,4c6facae
584,Josip Stanišić,DF,hr Croatia,22,2000,1.0,0,1,0,0.0,1.00,0.00,0.00,,28.6,0,0,0,0.0,0.0,0.02,0.0,0.0,Matches,7ed08d5c
585,Renato Steffen,FW,ch Switzerland,30,1991,0.4,0,0,0,,0.00,0.00,,,,0,0,0,0.0,0.0,,0.0,0.0,Matches,dd669209
586,Raheem Sterling,FW,eng England,27,1994,1.7,1,1,1,100.0,0.60,0.60,1.00,1.00,9.3,0,0,0,0.4,0.4,0.37,+0.6,+0.6,Matches,b400bde0
587,John Stones,DF,eng England,28,1994,4.8,0,4,1,25.0,0.83,0.21,0.00,0.00,9.6,0,0,0,0.4,0.4,0.09,-0.4,-0.4,Matches,5eecec3d
588,Luis Suárez,FW,uy Uruguay,35,1987,1.6,0,2,1,50.0,1.23,0.62,0.00,0.00,7.5,0,0,0,0.4,0.4,0.21,-0.4,-0.4,Matches,a6154613
589,Niklas Süle,DF,de Germany,26,1995,3.0,0,1,0,0.0,0.33,0.00,0.00,,5.4,0,0,0,0.1,0.1,0.11,-0.1,-0.1,Matches,e33c06cf
590,Kamaldeen Sulemana,FW,gh Ghana,20,2002,0.6,0,1,1,100.0,1.55,1.55,0.00,0.00,21.8,0,0,0,0.1,0.1,0.06,-0.1,-0.1,Matches,a62f8bf1
591,Josip Šutalo,DF,hr Croatia,22,2000,1.0,0,0,0,,0.00,0.00,,,,0,0,0,0.0,0.0,,0.0,0.0,Matches,33a6a650
592,Karol Świderski,FW,pl Poland,25,1997,0.5,0,0,0,,0.00,0.00,,,,0,0,0,0.0,0.0,,0.0,0.0,Matches,41723204
593,Wojciech Szczęsny,GK,pl Poland,32,1990,4.0,0,0,0,,0.00,0.00,,,,0,0,0,0.0,0.0,,0.0,0.0,Matches,01b8a2b2
594,Damian Szymański,MF,pl Poland,26,1995,0.3,0,0,0,,0.00,0.00,,,,0,0,0,0.0,0.0,,0.0,0.0,Matches,e935dbbf
595,Sebastian Szymański,MF,pl Poland,23,1999,1.5,0,0,0,,0.00,0.00,,,,0,0,0,0.0,0.0,,0.0,0.0,Matches,bb718263
596,Dušan Tadić,MFFW,rs Serbia,33,1988,2.9,0,1,0,0.0,0.35,0.00,0.00,,13.3,0,0,0,0.1,0.1,0.08,-0.1,-0.1,Matches,2475dcc6
597,Nicolás Tagliafico,DF,ar Argentina,29,1992,4.1,0,3,1,33.3,0.72,0.24,0.00,0.00,11.3,0,0,0,1.0,1.0,0.34,-1.0,-1.0,Matches,f0661424
598,Montassar Talbi,DF,tn Tunisia,24,1998,3.0,0,1,1,100.0,0.33,0.33,0.00,0.00,33.7,0,0,0,0.0,0.0,0.01,0.0,0.0,Matches,a4a44eb0
599,Hassan Al Tambakti,DF,sa Saudi Arabia,23,1999,2.0,0,0,0,,0.00,0.00,,,,0,0,0,0.0,0.0,,0.0,0.0,Matches,6d78c320
600,Ao Tanaka,MF,jp Japan,23,1998,1.9,1,1,1,100.0,0.53,0.53,1.00,1.00,1.5,0,0,0,1.0,1.0,0.96,0.0,0.0,Matches,1d36d6b6
601,Shogo Taniguchi,DF,jp Japan,30,1991,2.3,0,2,0,0.0,0.86,0.00,0.00,,8.0,0,0,0,0.2,0.2,0.12,-0.2,-0.2,Matches,828a9c47
602,Mehdi Taremi,FW,ir IR Iran,29,1992,3.0,2,5,1,20.0,1.67,0.33,0.20,1.00,16.0,0,1,1,1.3,0.6,0.11,+0.7,+0.4,Matches,4c2a5d34
603,Kenneth Taylor,MF,nl Netherlands,20,2002,0.1,0,0,0,,0.00,0.00,,,,0,0,0,0.0,0.0,,0.0,0.0,Matches,ad9b2747
604,Aurélien Tchouaméni,MF,fr France,22,2000,6.9,1,6,2,33.3,0.87,0.29,0.17,0.50,23.7,0,0,0,0.3,0.3,0.06,+0.7,+0.7,Matches,4f255115
605,Yeltsin Tejeda,MF,cr Costa Rica,30,1992,3.0,1,2,2,100.0,0.67,0.67,0.50,0.50,15.1,0,0,0,0.4,0.4,0.21,+0.6,+0.6,Matches,74319b04
606,Alex Telles,DF,br Brazil,29,1992,0.7,0,0,0,,0.00,0.00,,,,0,0,0,0.0,0.0,,0.0,0.0,Matches,e73c9bb2
607,Sorba Thomas,MF,wls Wales,22,1999,0.0,0,0,0,,0.00,0.00,,,,0,0,0,0.0,0.0,,0.0,0.0,Matches,8725a42e
608,Marcus Thuram,FWMF,fr France,24,1997,1.7,0,1,0,0.0,0.60,0.00,0.00,,5.4,0,0,0,0.2,0.2,0.22,-0.2,-0.2,Matches,6f8cd6d0
609,Youri Tielemans,MF,be Belgium,25,1997,1.1,0,0,0,,0.00,0.00,,,,0,0,0,0.0,0.0,,0.0,0.0,Matches,56f7a928
610,Jurriën Timber,DF,nl Netherlands,20,2001,4.3,0,0,0,,0.00,0.00,,,,0,0,0,0.0,0.0,,0.0,0.0,Matches,41034650
611,Karl Toko Ekambi,FWMF,cm Cameroon,29,1992,1.8,0,2,1,50.0,1.08,0.54,0.00,0.00,15.6,0,0,0,0.2,0.2,0.09,-0.2,-0.2,Matches,5ceba7fc
612,Nouhou Tolo,DF,cm Cameroon,24,1997,3.0,0,0,0,,0.00,0.00,,,,0,0,0,0.0,0.0,,0.0,0.0,Matches,0796512f
613,Takehiro Tomiyasu,DFMF,jp Japan,23,1998,2.1,0,0,0,,0.00,0.00,,,,0,0,0,0.0,0.0,,0.0,0.0,Matches,b3af9be1
614,Mehdi Torabi,MF,ir IR Iran,27,1994,0.7,0,2,0,0.0,2.90,0.00,0.00,,19.6,0,0,0,0.1,0.1,0.06,-0.1,-0.1,Matches,74567feb
615,Félix Torres Caicedo,DF,ec Ecuador,25,1997,3.0,0,1,0,0.0,0.33,0.00,0.00,,8.5,0,0,0,0.1,0.1,0.12,-0.1,-0.1,Matches,c0a8860f
616,Ferrán Torres,FW,es Spain,22,2000,2.4,2,3,1,33.3,1.24,0.41,0.33,1.00,17.1,0,1,1,1.0,0.2,0.08,+1.0,+0.8,Matches,9e1035f8
617,Gerson Torres,MF,cr Costa Rica,24,1997,0.7,0,1,0,0.0,1.41,0.00,0.00,,30.8,0,0,0,0.0,0.0,0.01,0.0,0.0,Matches,d56713ff
618,Pau Torres,DF,es Spain,25,1997,1.0,0,0,0,,0.00,0.00,,,,0,0,0,0.0,0.0,,0.0,0.0,Matches,532e1e4f
619,Kieran Trippier,DF,eng England,31,1990,2.3,0,1,0,0.0,0.44,0.00,0.00,,27.2,1,0,0,0.0,0.0,0.05,0.0,0.0,Matches,21512407
620,Leandro Trossard,FWMF,be Belgium,27,1994,1.1,0,0,0,,0.00,0.00,,,,0,0,0,0.0,0.0,,0.0,0.0,Matches,38ceb24a
621,Matt Turner,GK,us United States,27,1994,4.0,0,0,0,,0.00,0.00,,,,0,0,0,0.0,0.0,,0.0,0.0,Matches,4a51ba65
622,Ayase Ueda,FW,jp Japan,23,1998,0.5,0,0,0,,0.00,0.00,,,,0,0,0,0.0,0.0,,0.0,0.0,Matches,c0295327
623,Hwang Ui-jo,FWMF,kr Korea Republic,29,1992,1.2,0,1,0,0.0,0.85,0.00,0.00,,10.5,0,0,0,0.5,0.5,0.47,-0.5,-0.5,Matches,a2d873dd
624,Dayot Upamecano,DF,fr France,23,1998,5.3,0,1,0,0.0,0.19,0.00,0.00,,9.7,0,0,0,0.0,0.0,0.05,0.0,0.0,Matches,d248cd8f
625,Enner Valencia,FWMF,ec Ecuador,32,1989,2.8,3,8,3,37.5,2.82,1.06,0.25,0.67,18.9,1,1,1,2.3,1.5,0.19,+0.7,+0.5,Matches,fb485406
626,Federico Valverde,MF,uy Uruguay,23,1998,3.0,0,7,1,14.3,2.33,0.33,0.00,0.00,33.0,0,0,0,0.2,0.2,0.02,-0.2,-0.2,Matches,0959c2a2
627,Virgil van Dijk,DF,nl Netherlands,30,1991,5.3,0,3,0,0.0,0.56,0.00,0.00,,10.6,0,0,0,0.2,0.2,0.06,-0.2,-0.2,Matches,e06683ca
628,Raphaël Varane,DF,fr France,29,1993,5.8,0,3,0,0.0,0.52,0.00,0.00,,7.2,0,0,0,0.3,0.3,0.12,-0.3,-0.3,Matches,9f8e9423
629,Guillermo Varela,DF,uy Uruguay,29,1993,2.0,0,0,0,,0.00,0.00,,,,0,0,0,0.0,0.0,,0.0,0.0,Matches,5c961282
630,Ruben Vargas,FW,ch Switzerland,23,1998,3.2,0,3,1,33.3,0.95,0.32,0.00,0.00,17.0,0,0,0,0.3,0.3,0.11,-0.3,-0.3,Matches,6ecbddf6
631,Matías Vecino,MF,uy Uruguay,30,1991,2.2,0,1,1,100.0,0.46,0.46,0.00,0.00,10.1,0,0,0,0.1,0.1,0.10,-0.1,-0.1,Matches,44ac04e9
632,Alexis Vega,FW,mx Mexico,24,1997,2.1,0,9,2,22.2,4.20,0.93,0.00,0.00,21.0,1,0,0,0.8,0.8,0.09,-0.8,-0.8,Matches,f40f4c38
633,Miloš Veljković,DF,rs Serbia,26,1995,2.5,0,0,0,,0.00,0.00,,,,0,0,0,0.0,0.0,,0.0,0.0,Matches,a5ae8f8e
634,Johan Venegas,FWMF,cr Costa Rica,33,1988,0.8,0,0,0,,0.00,0.00,,,,0,0,0,0.0,0.0,,0.0,0.0,Matches,5eadd340
635,Jordan Veretout,MF,fr France,29,1993,0.7,0,0,0,,0.00,0.00,,,,0,0,0,0.0,0.0,,0.0,0.0,Matches,4a56052c
636,Jan Vertonghen,DF,be Belgium,35,1987,3.0,0,2,0,0.0,0.67,0.00,0.00,,10.4,0,0,0,0.2,0.2,0.08,-0.2,-0.2,Matches,ba23a904
637,Matías Viña,DF,uy Uruguay,24,1997,0.2,0,0,0,,0.00,0.00,,,,0,0,0,0.0,0.0,,0.0,0.0,Matches,08eb3b58
638,Vitinha,MF,pt Portugal,22,2000,1.3,0,2,2,100.0,1.50,1.50,0.00,0.00,28.2,0,0,0,0.1,0.1,0.04,-0.1,-0.1,Matches,3b029691
639,Steven Vitória,DF,ca Canada,35,1987,3.0,0,0,0,,0.00,0.00,,,,0,0,0,0.0,0.0,,0.0,0.0,Matches,9bc450e6
640,Dušan Vlahović,FW,rs Serbia,22,2000,0.9,1,3,3,100.0,3.42,3.42,0.33,0.33,10.9,0,0,0,0.8,0.8,0.27,+0.2,+0.2,Matches,79443529
641,Nikola Vlašić,FWMF,hr Croatia,24,1997,2.3,0,5,1,20.0,2.15,0.43,0.00,0.00,17.2,0,0,0,0.4,0.4,0.09,-0.4,-0.4,Matches,aa8e289e
642,Mohammed Waad,MFDF,qa Qatar,22,1999,0.3,0,0,0,,0.00,0.00,,,,0,0,0,0.0,0.0,,0.0,0.0,Matches,94e8df02
643,Kyle Walker,DF,eng England,32,1990,2.6,0,0,0,,0.00,0.00,,,,0,0,0,0.0,0.0,,0.0,0.0,Matches,86dd77d1
644,Danny Ward,GK,wls Wales,28,1993,1.0,0,0,0,,0.00,0.00,,,,0,0,0,0.0,0.0,,0.0,0.0,Matches,d3ce0e89
645,Kendall Waston,DF,cr Costa Rica,34,1988,2.5,0,1,1,100.0,0.40,0.40,0.00,0.00,10.5,0,0,0,0.2,0.2,0.15,-0.2,-0.2,Matches,02ea59b0
646,Timothy Weah,FW,us United States,22,2000,3.5,1,5,3,60.0,1.42,0.85,0.20,0.33,17.5,0,0,0,0.6,0.6,0.13,+0.4,+0.4,Matches,8eec784d
647,Wout Weghorst,FW,nl Netherlands,29,1992,0.7,2,2,2,100.0,2.81,2.81,1.00,1.00,12.0,0,0,0,0.2,0.2,0.10,+1.8,+1.8,Matches,c4e87b8b
648,Wéverton,GK,br Brazil,34,1987,0.1,0,0,0,,0.00,0.00,,,,0,0,0,0.0,0.0,,0.0,0.0,Matches,81be82e9
649,Silvan Widmer,DF,ch Switzerland,29,1993,2.9,0,1,0,0.0,0.34,0.00,0.00,,9.7,0,0,0,0.0,0.0,0.02,0.0,0.0,Matches,f68b64fc
650,Iñaki Williams,FW,gh Ghana,27,1994,3.0,0,2,0,0.0,0.67,0.00,0.00,,20.1,0,0,0,0.3,0.3,0.15,-0.3,-0.3,Matches,6a99e0b1
651,Neco Williams,DF,wls Wales,21,2001,2.3,0,3,0,0.0,1.32,0.00,0.00,,26.5,0,0,0,0.1,0.1,0.03,-0.1,-0.1,Matches,dd323728
652,Nico Williams,FW,es Spain,19,2002,1.6,0,1,0,0.0,0.62,0.00,0.00,,14.3,0,0,0,0.1,0.1,0.11,-0.1,-0.1,Matches,afdc14d7
653,Callum Wilson,FW,eng England,30,1992,0.5,0,0,0,,0.00,0.00,,,,0,0,0,0.0,0.0,,0.0,0.0,Matches,c596fcb0
654,Harry Wilson,MFFW,wls Wales,25,1997,1.8,0,2,0,0.0,1.13,0.00,0.00,,20.9,1,0,0,0.1,0.1,0.05,-0.1,-0.1,Matches,c6dc9ecd
655,Roan Wilson,MF,cr Costa Rica,20,2002,0.0,0,0,0,,0.00,0.00,,,,0,0,0,0.0,0.0,,0.0,0.0,Matches,719300f2
656,Axel Witsel,MF,be Belgium,33,1989,3.0,0,1,0,0.0,0.33,0.00,0.00,,32.2,0,0,0,0.0,0.0,0.02,0.0,0.0,Matches,5dfc6ad5
657,Jeong Woo-yeong,MF,kr Korea Republic,22,1999,0.5,0,1,0,0.0,2.00,0.00,0.00,,24.4,0,0,0,0.0,0.0,0.03,0.0,0.0,Matches,6190474d
658,Jung Woo-young,MF,kr Korea Republic,32,1989,3.4,0,1,0,0.0,0.30,0.00,0.00,,25.1,0,0,0,0.0,0.0,0.03,0.0,0.0,Matches,858a34b8
659,Christopher Wooh,DF,cm Cameroon,20,2001,1.0,0,1,0,0.0,1.00,0.00,0.00,,15.1,0,0,0,0.0,0.0,0.04,0.0,0.0,Matches,b003239d
660,David Wotherspoon,MF,ca Canada,32,1990,0.2,0,0,0,,0.00,0.00,,,,0,0,0,0.0,0.0,,0.0,0.0,Matches,e9a9b1fa
661,Bailey Wright,DF,au Australia,29,1992,0.2,0,0,0,,0.00,0.00,,,,0,0,0,0.0,0.0,,0.0,0.0,Matches,4be70ecf
662,Haji Wright,FW,us United States,24,1998,1.5,1,6,2,33.3,3.94,1.31,0.17,0.50,13.6,0,0,0,0.5,0.5,0.09,+0.5,+0.5,Matches,91cd37b7
663,Granit Xhaka,MF,ch Switzerland,29,1992,4.0,0,6,3,50.0,1.50,0.75,0.00,0.00,21.6,0,0,0,0.3,0.3,0.05,-0.3,-0.3,Matches,e61b8aee
664,Miki Yamane,DFMF,jp Japan,28,1993,0.7,0,0,0,,0.00,0.00,,,,0,0,0,0.0,0.0,,0.0,0.0,Matches,b712e02d
665,Jawad El Yamiq,DF,ma Morocco,30,1992,3.4,0,2,1,50.0,0.58,0.29,0.00,0.00,12.4,0,0,0,0.1,0.1,0.05,-0.1,-0.1,Matches,f6f6b6e8
666,Taha Yassine Khenissi,FW,tn Tunisia,30,1992,0.3,0,1,0,0.0,3.10,0.00,0.00,,23.3,0,0,0,0.0,0.0,0.02,0.0,0.0,Matches,44d6aedb
667,DeAndre Yedlin,DF,us United States,28,1993,0.4,0,0,0,,0.00,0.00,,,,0,0,0,0.0,0.0,,0.0,0.0,Matches,ae0a7ddf
668,Maya Yoshida,DF,jp Japan,33,1988,4.3,0,0,0,,0.00,0.00,,,,0,0,0,0.0,0.0,,0.0,0.0,Matches,caffaf5a
669,Kim Young-gwon,DF,kr Korea Republic,32,1990,3.9,1,2,1,50.0,0.51,0.26,0.50,1.00,10.9,0,0,0,0.8,0.8,0.38,+0.2,+0.2,Matches,9459ace1
670,Cho Yumin,FW,kr Korea Republic,25,1996,0.0,0,0,0,,0.00,0.00,,,,0,0,0,0.0,0.0,,0.0,0.0,Matches,7a4529dc
671,Denis Zakaria,MF,ch Switzerland,25,1996,0.7,0,1,0,0.0,1.53,0.00,0.00,,25.4,0,0,0,0.0,0.0,0.05,0.0,0.0,Matches,384d58d9
672,Nicola Zalewski,MF,pl Poland,20,2002,0.7,0,0,0,,0.00,0.00,,,,0,0,0,0.0,0.0,,0.0,0.0,Matches,45191c29
673,Andre-Frank Zambo Anguissa,MF,cm Cameroon,26,1995,2.9,0,1,1,100.0,0.35,0.35,0.00,0.00,11.2,0,0,0,0.1,0.1,0.06,-0.1,-0.1,Matches,6bb2c084
674,Álvaro Zamora,MF,cr Costa Rica,20,2002,0.3,0,0,0,,0.00,0.00,,,,0,0,0,0.0,0.0,,0.0,0.0,Matches,d050756d
675,Anass Zaroury,FW,ma Morocco,21,2000,0.3,0,0,0,,0.00,0.00,,,,0,0,0,0.0,0.0,,0.0,0.0,Matches,07d65234
676,Piotr Zieliński,MFFW,pl Poland,28,1994,3.6,1,3,2,66.7,0.82,0.55,0.33,0.50,11.3,0,0,0,0.6,0.6,0.20,+0.4,+0.4,Matches,a5296e55
677,Walker Zimmerman,DF,us United States,29,1993,3.1,0,1,0,0.0,0.32,0.00,0.00,,15.0,0,0,0,0.1,0.1,0.07,-0.1,-0.1,Matches,220fa883
678,Andrija Živković,DF,rs Serbia,25,1996,2.3,0,1,0,0.0,0.43,0.00,0.00,,24.4,0,0,0,0.1,0.1,0.06,-0.1,-0.1,Matches,321f83a2
679,Hakim Ziyech,FW,ma Morocco,29,1993,7.1,1,10,2,20.0,1.42,0.28,0.10,0.50,27.2,1,0,0,0.4,0.4,0.04,+0.6,+0.6,Matches,6622454d
680,Filip Đuričić,MFFW,rs Serbia,30,1992,0.2,0,0,0,,0.00,0.00,,,,0,0,0,0.0,0.0,,0.0,0.0,Matches,eccbe56a
